gene,f_score,p_value,chrom,start,genome_pos,cytoband
COL10A1,1295.5051295528087,9.0092709112541e-151,chr6,116118908.0,1177317232.0,6q22.1
MMP11,1087.7134750735643,7.811171921388217e-136,chr22,23772848.0,2847955902.0,22q11.23
LRRC3B,867.0919008003438,8.6323897623019e-118,chr3,26622805.0,517772756.0,3p24.1
CA4,843.6767178563438,1.023068197192331e-115,chr17,60149972.0,2550930534.0,17q23.1
CAV1,742.9620172179137,2.1642874164316126e-106,chr7,116525008.0,1348529311.0,7q31.2
GLYAT,663.8839490646523,1.4697724438151764e-98,chr11,58708756.0,1867389807.0,11q12.1
CD300LG,662.8574596426225,1.871302475471928e-98,chr17,43847175.0,2534627737.0,17q21.31
PAFAH1B3,646.0023645639662,1.016184340178906e-96,chr19,42297032.0,2696708320.0,19q13.2
FXYD1,612.5130936350548,3.3539273419656066e-93,chr19,35138823.0,2689550111.0,19q13.12
TSLP,602.4060061125293,4.044136482433436e-92,chr5,111070079.0,990730144.0,5q22.1
MYOC,596.2229730409757,1.8743315107408348e-91,chr1,171635416.0,171635416.0,1q24.3
ATOH8,592.8024833450736,4.3933250205413734e-91,chr2,85753990.0,334710412.0,2p11.2
LOC387911,588.9961056373444,1.1369530493878008e-90,,,,
BTNL9,585.876662507198,2.484089948997259e-90,chr5,181040265.0,1060700330.0,5q35.3
HSPB6,584.6669702772297,3.3654009569191584e-90,chr19,35754565.0,2690165853.0,19q13.12
NEK2,582.0699045573082,6.465567672524167e-90,chr1,211658256.0,211658256.0,1q32.3
IGFBP6,572.5442785699245,7.180092657319873e-89,chr12,53097666.0,1996865339.0,12q13.13
IGSF10,568.7252741536605,1.8954860543621513e-88,chr3,151436204.0,642586155.0,3q25.1
AQP7,559.2817198137051,2.1195718946247046e-87,chr9,33383190.0,1569872102.0,9p13.3
C1QTNF9,554.5774632481007,7.1089128651298405e-87,chr13,24307165.0,2101350147.0,13q12.12
HSD17B13,547.9929194131372,3.90014793276498e-86,chr4,87303794.0,776749304.0,4q22.1
GPAM,540.9896046650741,2.4105238473724488e-85,chr10,112149864.0,1787033493.0,10q25.2
DMD,535.6662264395806,9.698253205606127e-85,chrX,31119225.0,2906120747.0,Xp21.2
CPA1,534.7655547817545,1.2281972861915056e-84,chr7,130380493.0,1362384796.0,7q32.2
CXCL2,524.137634628427,2.0226711818337876e-83,chr4,74097039.0,763542549.0,4q13.3
FLJ90650,522.0873666899337,3.4831917550522996e-83,,,,
STARD9,518.5835353079923,8.838868571590345e-83,chr15,42575605.0,2341026633.0,15q15.2
SDPR,515.3381193323636,2.0996058845186436e-82,chr2,191834309.0,440790731.0,2q32.3
ANGPTL7,514.9467367155457,2.3309096507243433e-82,chr1,11189354.0,11189354.0,1p36.22
AVPR2,513.5470950596839,3.388213734036223e-82,chrX,153902624.0,3028904146.0,Xq28
RBP4,510.339750246883,7.998434585891387e-82,chr10,93591693.0,1768475322.0,10q23.33
KLF15,509.08583023493844,1.1198019303300009e-81,chr3,126342634.0,617492585.0,3q21.3
FIGF,507.29956251800644,1.8097100488190806e-81,chrX,15345595.0,2890347117.0,Xp22.2
LEPR,494.71418681312747,5.446839137225321e-80,chr1,65420651.0,65420651.0,1p31.3
ITIH5,492.6354843056274,9.594255458014241e-80,chr10,7559269.0,1682442898.0,10p14
CES1,487.16463864491857,4.2793163058360274e-79,chr16,55802851.0,2456245068.0,16q12.2
RDH5,485.3590846506831,7.021236575691874e-79,chr12,55720392.0,1999488065.0,12q13.2
MME,482.4850069031438,1.5469039001728156e-78,chr3,155024123.0,646174074.0,3q25.2
COL11A1,478.96636396081834,4.0804706458229314e-78,chr1,102876466.0,102876466.0,1p21.1
ALDH1L1,476.7796080743047,7.46808574910707e-78,chr3,126103560.0,617253511.0,3q21.3
CAV2,475.5338440054897,1.0543712699044892e-77,chr7,116499737.0,1348504040.0,7q31.2
ACVR1C,475.5005853449497,1.0641303482645863e-77,chr2,157526766.0,406483188.0,2q24.1
ADAMTS5,472.0695384290275,2.757098811555191e-77,chr21,26917921.0,2804390992.0,21q21.3
ARHGAP20,472.0232155912085,2.792824511448175e-77,chr11,110577042.0,1919258093.0,11q22.3
CEP55,469.7407456840002,5.270473543208012e-77,chr10,93496611.0,1768380240.0,10q23.33
F10,469.4542940666478,5.708285838032985e-77,chr13,113122798.0,2190165780.0,13q34
WISP1,467.815644443699,9.014417303197846e-77,chr8,133191038.0,1524541314.0,8q24.22
FHL1,465.45601142540033,1.7426943760128018e-76,chrX,136146701.0,3011148223.0,Xq26.3
SPRY2,465.0445355724476,1.9552833212717413e-76,chr13,80335976.0,2157378958.0,13q31.1
PDE2A,461.9526424628509,4.650073090535976e-76,chr11,72576139.0,1881257190.0,11q13.4
HBA2,458.5557049901751,1.2081369541948092e-75,chr16,172875.0,2400615092.0,16p13.3
PGM5,458.5520229742352,1.2093899554982564e-75,chr9,68356610.0,1604845522.0,9q21.11
KIAA0408,456.81303859659783,1.9740796429909276e-75,chr6,127438405.0,1188636729.0,6q22.33
SLC2A4,455.86352806537525,2.5805120588083205e-75,chr17,7281717.0,2498062279.0,17p13.1
INHBA,455.72727242522075,2.6816969069329607e-75,chr7,41685113.0,1273689416.0,7p14.1
TPM3,453.154424659903,5.549211558499106e-75,chr1,154155303.0,154155303.0,1q21.3
TNMD,452.4088326891389,6.853313523564267e-75,chrX,100584935.0,2975586457.0,Xq22.1
WDR51A,451.4289228302752,9.046474820094258e-75,chr3,52075225.0,543225176.0,3p21.2
SPC25,451.0493438319651,1.0074363400682982e-74,chr2,168870890.0,417827312.0,2q24.3
LOC55908,449.8183805182632,1.4285862013278025e-74,,,,
GPR146,449.1897816143259,1.707800126130089e-74,chr7,1044545.0,1233048848.0,7p22.3
BUB1,448.522372786949,2.064458253789863e-74,chr2,110637527.0,359593949.0,2q13
MAMDC2,445.59376214652735,4.751988728704346e-74,chr9,70043580.0,1606532492.0,9q21.12
KLHL29,443.8025375552309,7.922025224313878e-74,chr2,23385178.0,272341600.0,2p24.1
CIDEC,440.71289926199665,1.9169140445036655e-73,chr3,9866709.0,501016660.0,3p25.3
LRRTM2,440.06224162940714,2.309771492931942e-73,chr5,138868920.0,1018528985.0,5q31.2
HOXA4,439.89348004658706,2.4242518916249032e-73,chr7,27128524.0,1259132827.0,7p15.2
NPR1,439.4341692605398,2.765500939829452e-73,chr1,153678687.0,153678687.0,1q21.3
PAQR4,439.1645404754613,2.987868907913431e-73,chr16,2969347.0,2403411564.0,16p13.3
CKS2,437.22287402556105,5.2179207969058386e-73,chr9,89311194.0,1625800106.0,9q22.2
CENPF,435.8006587907843,7.855029679698776e-73,chr1,214603194.0,214603194.0,1q41
MYOM1,434.93543404829717,1.0077326911405935e-72,chr18,3066806.0,2577104809.0,18p11.31
EPB42,434.8170049212872,1.0427068507244549e-72,chr15,43197227.0,2341648255.0,15q15.2
C14orf139,433.9345819765124,1.3446772913062006e-72,chr14,95407265.0,2286814575.0,14q32.13
TPX2,432.32457789396136,2.1399074362302645e-72,chr20,31739289.0,2744768193.0,20q11.21
SVEP1,430.487970112091,3.638837665221318e-72,chr9,110365248.0,1646854160.0,9q31.3
HSPB7,429.9355186190534,4.269718223062233e-72,chr1,16014028.0,16014028.0,1p36.13
KCNIP2,429.73870627270156,4.5200716866076754e-72,chr10,101825973.0,1776709602.0,10q24.32
LYVE1,424.96470946357636,1.806674989552215e-71,chr11,10556965.0,1819238016.0,11p15.4
C1orf213,423.88594921946094,2.4731273076569607e-71,chr1,23368970.0,23368970.0,1p36.12
CLEC3B,422.2806619730037,3.948591724313233e-71,chr3,45026302.0,536176253.0,3p21.31
TK1,421.88610237921944,4.430318218634303e-71,chr17,78174078.0,2568954640.0,17q25.3
HEPACAM,421.1427788489368,5.50390769304954e-71,chr11,124919204.0,1933600255.0,11q24.2
ENTPD7,418.8164043645962,1.0865590093383602e-70,chr10,99659508.0,1774543137.0,10q24.2
KCNJ16,417.955570250549,1.3980681046988412e-70,chr17,70075224.0,2560855786.0,17q24.3
C16orf59,415.73437128668854,2.6818904008465957e-70,chr16,2460108.0,2402902325.0,16p13.3
PCK1,415.0248946903475,3.303233687218608e-70,chr20,57561109.0,2770590013.0,20q13.31
NUF2,412.207961062239,7.566474550635424e-70,chr1,163321953.0,163321953.0,1q23.3
ANXA1,412.0800968781064,7.856996108310191e-70,chr9,73151864.0,1609640776.0,9q21.13
CXCL3,410.66369991071224,1.1930420995013175e-69,chr4,74036590.0,763482100.0,4q13.3
MAP1LC3C,409.1553463571907,1.8625876000328157e-69,chr1,241995489.0,241995489.0,1q43
ROBO3,408.4073989576165,2.323578749213649e-69,chr11,124865431.0,1933546482.0,11q24.2
PCDH9,404.8568783964572,6.653586448645845e-69,chr13,66302833.0,2143345815.0,13q21.32
MKI67,404.4410378081914,7.527932236027557e-69,chr10,128096660.0,1802980289.0,10q26.2
CFL2,399.5091862032163,3.2683957942196705e-68,chr14,34709112.0,2226116422.0,14q13.1
PPAP2B,398.4047892091718,4.545331897294329e-68,chr1,56494760.0,56494760.0,1p32.2
CORO2B,397.7463788755818,5.533917040389424e-68,chr15,68518372.0,2366969400.0,15q23
TNAP,396.24329043374007,8.676832993163959e-68,chr1,21508983.0,21508983.0,1p36.12
AQP7P2,396.07141069746393,9.135164823536892e-68,,,,
CDC25C,392.58613299503673,2.599385441040045e-67,chr5,138285264.0,1017945329.0,5q31.2
SCARA5,391.7610894671538,3.3313246614541955e-67,chr8,27869882.0,1419220158.0,8p21.1
CRB3,391.15352369054705,3.999633474372896e-67,chr19,6463776.0,2660875064.0,19p13.3
CAV3,389.9302577813167,5.781496463533305e-67,chr3,8733801.0,499883752.0,3p25.3
CAT,387.1341673102243,1.344513682182014e-66,chr11,34438933.0,1843119984.0,11p13
GSN,386.52249109775624,1.6176615790392969e-66,chr9,121201482.0,1657690394.0,9q33.2
LRRC2,385.9062141137446,1.9492412649928467e-66,chr3,46515387.0,537665338.0,3p21.31
EFHA2,385.60541199884693,2.1350561501579634e-66,chr8,17027237.0,1408377513.0,8p22
VWCE,384.3356897524742,3.136632849896147e-66,chr11,61258285.0,1869939336.0,11q12.2
ADH5,383.08652589578315,4.5817105323316527e-66,chr4,99070978.0,788516488.0,4q23
ABCA9,382.94820534099046,4.778185436951875e-66,chr17,68974487.0,2559755049.0,17q24.2
DKFZp762E1312,382.6517664156348,5.228204174608298e-66,,,,
LGI4,382.60420106059127,5.30427220144094e-66,chr19,35124512.0,2689535800.0,19q13.12
ITGA7,382.23943984438154,5.925751561612087e-66,chr12,55684569.0,1999452242.0,12q13.2
KIF4A,381.5801702047383,7.240315612557996e-66,chrX,70290103.0,2945291625.0,Xq13.1
KIF20A,378.90018330377933,1.6371602429098197e-65,chr5,138179111.0,1017839176.0,5q31.2
PPAPDC1A,378.4422035395036,1.8825292954697128e-65,chr10,120456953.0,1795340582.0,10q26.12
ASPM,377.29284169576744,2.673498694222827e-65,chr1,197084126.0,197084126.0,1q31.3
ASPA,377.2612396191641,2.6994242453832228e-65,chr17,3474109.0,2494254671.0,17p13.2
BUB1B,374.3270441853114,6.622417134783111e-65,chr15,40161068.0,2338612096.0,15q15.1
ADH4,373.4148934459551,8.758306368012842e-65,chr4,99123656.0,788569166.0,4q23
PPARG,372.6282947459662,1.1148242751161564e-64,chr3,12287367.0,503437318.0,3p25.2
DACT2,371.8045982213568,1.4355796737798425e-64,chr6,168292829.0,1229491153.0,6q27
DLG7,370.5704061374623,2.097761023802204e-64,chr14,55148134.0,2246555444.0,14q22.3
TSPAN7,368.750467569899,3.673287042318149e-64,chrX,38561541.0,2913563063.0,Xp11.4
OIP5,368.6399722135675,3.8005063496032735e-64,chr15,41309267.0,2339760295.0,15q15.1
KIF23,366.65781444865723,7.004679537149392e-64,chr15,69414348.0,2367865376.0,15q23
GPRASP1,366.5037217956089,7.346070528251233e-64,chrX,102651365.0,2977652887.0,Xq22.1
HBD,366.1430632980234,8.211822460944722e-64,chr11,5232837.0,1813913888.0,11p15.4
EBF1,364.7323799964694,1.27018820458138e-63,chr5,158695919.0,1038355984.0,5q33.3
HMMR,364.62180932453407,1.3144001341922952e-63,chr5,163460631.0,1043120696.0,5q34
ADAM33,363.6825637189785,1.7580137867510295e-63,chr20,3667974.0,2716696878.0,20p13
FGF2,363.6729234528392,1.7632715309288963e-63,chr4,122826707.0,812272217.0,4q28.1
NUSAP1,363.3068801361812,1.9750283184494529e-63,chr15,41332880.0,2339783908.0,15q15.1
UBE2T,362.81479347632063,2.300476011535227e-63,chr1,202331656.0,202331656.0,1q32.1
LIFR,361.10691321349606,3.908405360869544e-63,chr5,38474667.0,918134732.0,5p13.1
PDK4,361.0461277848736,3.9829029587814015e-63,chr7,95583500.0,1327587803.0,7q21.3
FAM13A1,360.9273826215461,4.1325708412230126e-63,chr4,88725953.0,778171463.0,4q22.1
SLC16A7,360.6588845590223,4.4921303040837383e-63,chr12,59596028.0,2003363701.0,12q14.1
KIAA0101,360.08766893204273,5.364984721434338e-63,chr15,64364303.0,2362815331.0,15q22.31
NPY2R,359.0018687248997,7.521154162053027e-63,chr4,155173722.0,844619232.0,4q32.1
GNG11,358.9719684970428,7.591490970114588e-63,chr7,93921734.0,1325926037.0,7q21.3
EFCBP1,358.7545499809348,8.123187921030908e-63,chr8,90791774.0,1482142050.0,8q21.3
DTL,358.7202736887054,8.210355745817641e-63,chr1,212035552.0,212035552.0,1q32.3
NUP210,357.6266433964045,1.1543877731169008e-62,chr3,13316234.0,504466185.0,3p25.1
SH3D19,356.9142304360375,1.441610700471686e-62,chr4,151120280.0,840565790.0,4q31.3
USP44,356.18810777127595,1.8083258739904786e-62,chr12,95516559.0,2039284232.0,12q22
LPL,355.80538539568346,2.0379187537929165e-62,chr8,19939252.0,1411289528.0,8p21.3
TACC3,355.2165678993679,2.449581896262194e-62,chr4,1721520.0,691167030.0,4p16.3
SGK2,354.1098705437723,3.462674611583554e-62,chr20,43559026.0,2756587930.0,20q13.12
CHL1,353.7458789946453,3.8805255773493056e-62,chr3,196595.0,491346546.0,3p26.3
CDKN3,353.66954904694245,3.974374955378173e-62,chr14,54396867.0,2245804177.0,14q22.2
ZWINT,352.4642719063757,5.7977320228655024e-62,chr10,56357227.0,1731240856.0,10q21.1
C13orf3,351.1090637154952,8.869518296907011e-62,chr13,21153594.0,2098196576.0,13q12.11
LOC221091,349.52088674878405,1.46091507560386e-61,,,,
NKAPL,348.95907180313503,1.7433301271214804e-61,chr6,28259296.0,1089457620.0,6p22.1
KIF26B,348.85556187542846,1.8010514923234556e-61,chr1,245154984.0,245154984.0,1q44
LHFP,348.1533347286835,2.246672178359153e-61,chr13,39342891.0,2116385873.0,13q13.3
H2AFX,347.44098204866185,2.8119778483905663e-61,chr11,119093874.0,1927774925.0,11q23.3
ASF1B,347.0976803391618,3.133379850761901e-61,chr19,14119511.0,2668530799.0,19p13.12
HOXA2,346.79945734142,3.442362667620568e-61,chr7,27100353.0,1259104656.0,7p15.2
FREM1,346.6080703545331,3.656581280552993e-61,chr9,14737152.0,1551226064.0,9p22.3
ERCC6L,346.0837680942479,4.314480420518546e-61,chrX,72204664.0,2947206186.0,Xq13.1
RYR3,345.6571464728382,4.93656744696805e-61,chr15,33310966.0,2331761994.0,15q13.3
TMEM22,345.45850425249483,5.2561924295200776e-61,chr3,136819018.0,627968969.0,3q22.3
RABIF,344.61516425380535,6.861366614342107e-61,chr1,202878281.0,202878281.0,1q32.1
NPHP3,344.2179342849922,7.779697674877333e-61,chr3,132680608.0,623830559.0,3q22.1
PROS1,344.0297970053813,8.25672892526382e-61,chr3,93873050.0,585023001.0,3q11.1
PALMD,343.9087485099954,8.57906206225158e-61,chr1,99646112.0,99646112.0,1p21.2
NRG2,342.3984018885702,1.3840162282108856e-60,chr5,139846778.0,1019506843.0,5q31.2
GJB2,341.93313522858057,1.6039567643023498e-60,chr13,20187469.0,2097230451.0,13q12.11
GDF10,341.91747950664416,1.6119385517606738e-60,chr10,47300196.0,1722183825.0,10q11.22
ATP1A2,340.962940597943,2.1820243009972344e-60,chr1,160115758.0,160115758.0,1q23.2
GPD1,340.38819847027594,2.618846752657911e-60,chr12,50104007.0,1993871680.0,12q13.12
SSTR1,339.93537987672585,3.0240121527819476e-60,chr14,38207903.0,2229615213.0,14q21.1
ZFP106,339.4722810501509,3.503540059451565e-60,chr15,42412822.0,2340863850.0,15q15.1
FLVCR1,339.3352391529972,3.659567384421118e-60,chr1,212858274.0,212858274.0,1q32.3
CACHD1,339.0851703792536,3.962473363049733e-60,chr1,64470128.0,64470128.0,1p31.3
AOC3,338.96047623071684,4.1227896603097175e-60,chr17,42851183.0,2533631745.0,17q21.31
LIMS2,338.4992182292496,4.774502030321668e-60,chr2,127638380.0,376594802.0,2q14.3
UBE2C,336.9608699132467,7.793443953072482e-60,chr20,45812575.0,2758841479.0,20q13.12
ANLN,336.7782690167984,8.260616726853776e-60,chr7,36389861.0,1268394164.0,7p14.2
EGR1,336.66333509151195,8.568975276655836e-60,chr5,138465478.0,1018125543.0,5q31.2
TMEM100,336.34941222759795,9.471354584464985e-60,chr17,55719626.0,2546500188.0,17q22
LDB2,335.63666845739624,1.1890318881377897e-59,chr4,16501533.0,705947043.0,4p15.32
UBAP2L,335.38816280294,1.2872199173211188e-59,chr1,154220171.0,154220171.0,1q21.3
GPX3,335.22452493709164,1.3562783860085027e-59,chr5,151020590.0,1030680655.0,5q33.1
AKR1C1,334.96193198206305,1.474953016153977e-59,chr10,4963414.0,1679847043.0,10p15.1
PPEF1,333.23863756313443,2.559229691116926e-59,chrX,18675066.0,2893676588.0,Xp22.13
HSD17B6,333.0631115573717,2.707145724627762e-59,chr12,56763323.0,2000530996.0,12q13.3
SCN9A,332.49289459991877,3.249510743745735e-59,chr2,166195186.0,415151608.0,2q24.3
CDCA5,331.8979389052805,3.932039076501744e-59,chr11,65077452.0,1873758503.0,11q13.1
IL11RA,329.75313164973176,7.826344714723929e-59,chr9,34652184.0,1571141096.0,9p13.3
CRHBP,329.68476597150186,8.000171456143939e-59,chr5,76953044.0,956613109.0,5q13.3
SPTBN1,328.38389722790805,1.2155425003904396e-58,chr2,54456326.0,303412748.0,2p16.2
SRPX,327.50397109386745,1.6136241990568713e-58,chrX,38149334.0,2913150856.0,Xp11.4
ANGPTL1,327.5017100858973,1.614799805605271e-58,chr1,178849534.0,178849534.0,1q25.2
C9orf125,326.8848228818432,1.9698986398374817e-58,chr9,101473169.0,1637962081.0,9q31.1
ADRB2,325.5271150601359,3.05241825945763e-58,chr5,148826610.0,1028486675.0,5q32
C7orf41,324.0332783257191,4.9458854320838605e-58,chr7,30134985.0,1262139288.0,7p14.3
SLC19A3,323.3501727355054,6.168873784071939e-58,chr2,227683762.0,476640184.0,2q36.3
TOP2A,323.2970123669195,6.2759117768704435e-58,chr17,40388524.0,2531169086.0,17q21.2
UHRF1,323.2530803007277,6.3657737385966115e-58,chr19,4903079.0,2659314367.0,19p13.3
CDO1,323.1681809273564,6.543108288469752e-58,chr5,115804732.0,995464797.0,5q22.3
CNTNAP3,322.99041782106286,6.930634226169977e-58,chr9,39064709.0,1575553621.0,9p12
PPP1R12B,321.6934699809265,1.0549675409465454e-57,chr1,202348698.0,202348698.0,1q32.1
TESC,321.6581501703492,1.0671165877362053e-57,chr12,117038922.0,2060806595.0,12q24.22
ITM2A,321.4564403126989,1.1392391181993499e-57,chrX,79360383.0,2954361905.0,Xq21.1
HAGHL,321.0094779441741,1.316966920819004e-57,chr16,727105.0,2401169322.0,16p13.3
FN1,319.4938894338609,2.1542508647037435e-57,chr2,215360864.0,464317286.0,2q35
DLG3,319.46981207829685,2.1711731511650727e-57,chrX,70444834.0,2945446356.0,Xq13.1
CLCA4,318.8858730556066,2.6250476719573234e-57,chr1,86547077.0,86547077.0,1p22.3
CLEC4G,318.5712497645768,2.9078976097326124e-57,chr19,7728956.0,2662140244.0,19p13.2
RRM2,316.89254015433903,5.023049716241613e-57,chr2,10122567.0,259078989.0,2p25.1
CCT3,316.59485568131606,5.534899921290049e-57,chr1,156308960.0,156308960.0,1q22
DKFZP586H2123,316.21508759627204,6.264590869857145e-57,chr11,35431828.0,1844112879.0,11p13
TPO,315.19088442890757,8.75093684449622e-57,chr2,1413460.0,250369882.0,2p25.3
ABCA8,315.0550382298907,9.14788522014997e-57,chr17,68867286.0,2559647848.0,17q24.2
ZNF781,315.0450112753457,9.177890640737402e-57,chr19,37667750.0,2692079038.0,19q13.12
SNCA,314.9026489483759,9.614717735621181e-57,chr4,89724098.0,779169608.0,4q22.1
CDC2,314.75849355883236,1.0078312336201063e-56,chr10,60778330.0,1735661959.0,10q21.2
EDNRB,314.34337406154094,1.1542478694943548e-56,chr13,77895480.0,2154938462.0,13q22.3
PLSCR4,314.01369788095474,1.285595168902364e-56,chr3,146192335.0,637342286.0,3q24
C16orf75,313.9782126907765,1.3005983632807263e-56,chr16,11345437.0,2411787654.0,16p13.13
RHOXF1,313.41032966778266,1.566069416952292e-56,chrX,120109050.0,2995110572.0,Xq24
PBK,313.1910617919077,1.6825645766962785e-56,chr8,27809623.0,1419159899.0,8p21.1
GIPC2,312.948998776427,1.821297271347428e-56,chr1,78044969.0,78044969.0,1p31.1
PPAP2A,311.55276281488506,2.877644302277933e-56,chr5,55424841.0,935084906.0,5q11.2
TDRD10,311.15523221944716,3.27834473613852e-56,chr1,154502218.0,154502218.0,1q21.3
PRC1,310.5374353140189,4.01507140793039e-56,chr15,90966042.0,2389417070.0,15q26.1
DMN,310.2239034516607,4.45037133984465e-56,chr15,99105079.0,2397556107.0,15q26.3
CPN2,309.43063919315296,5.775229192118174e-56,chr3,194339767.0,685489718.0,3q29
KCNE1,308.6745522779802,7.405121889503848e-56,chr21,34446687.0,2811919758.0,21q22.12
MYLK,308.6560292672428,7.450377832229071e-56,chr3,123610048.0,614759999.0,3q21.1
HN1,308.41769563765087,8.058053265993914e-56,chr17,75135242.0,2565915804.0,17q25.1
C6orf129,308.39310525683413,8.123515176039069e-56,chr6,37482937.0,1098681261.0,6p21.2
TRIM59,307.95833057461675,9.373192704123533e-56,chr3,160435502.0,651585453.0,3q25.33
DLK2,307.88663239531263,9.597066153815651e-56,chr6,43450351.0,1104648675.0,6p21.1
RAG1AP1,307.1222886968125,1.2344426179693939e-55,chr1,155135374.0,155135374.0,1q22
KIF14,306.84010405509275,1.3547484779313271e-55,chr1,200551496.0,200551496.0,1q32.1
HHATL,306.3299542705667,1.602900840441014e-55,chr3,42692662.0,533842613.0,3p22.1
VGLL3,305.9982750179951,1.7882248993440503e-55,chr3,86937972.0,578087923.0,3p12.1
CLCN6,305.9291367288499,1.82948538686631e-55,chr1,11806095.0,11806095.0,1p36.22
CDCA8,305.35133661334794,2.2138695289435848e-55,chr1,37692515.0,37692515.0,1p34.3
TUSC5,304.9283334176123,2.5457776896521655e-55,chr17,1279661.0,2492060223.0,17p13.3
MELK,304.8410484616047,2.6202502477293285e-55,chr9,36572861.0,1573061773.0,9p13.2
RBM35A,304.74472375394316,2.704975795532119e-55,chr8,94641173.0,1485991449.0,8q22.1
SCN4A,304.41352955062183,3.017827569089021e-55,chr17,63938553.0,2554719115.0,17q23.3
RAD51,302.28493413693,6.1038454600554384e-55,chr15,40695173.0,2339146201.0,15q15.1
ZNF668,302.17852237215163,6.3228920856825076e-55,chr16,31060842.0,2431503059.0,16p11.2
GYG2,301.87747271512166,6.986274715238397e-55,chrX,2828821.0,2877830343.0,Xp22.33
FANCI,301.801024875905,7.165575973609789e-55,chr15,89243978.0,2387695006.0,15q26.1
AP1M2,301.3304795497424,8.375522904038397e-55,chr19,10572670.0,2664983958.0,19p13.2
TGFBR2,300.90830392041846,9.634697801427731e-55,chr3,30606501.0,521756452.0,3p24.1
RNASEH2A,299.84579156003093,1.3710452462394893e-54,chr19,12806583.0,2667217871.0,19p13.13
HIF3A,299.67342593887304,1.451858410468856e-54,chr19,46297041.0,2700708329.0,19q13.32
FAM83H,299.5384415423675,1.5184692823472193e-54,chr8,143723932.0,1535074208.0,8q24.3
S100B,299.3513146309122,1.615913919190172e-54,chr21,46598603.0,2824071674.0,21q22.3
BIRC5,298.6842006984363,2.0172722627878677e-54,chr17,78214252.0,2568994814.0,17q25.3
KIF2C,297.20663245608483,3.299282801093685e-54,chr1,44739836.0,44739836.0,1p34.1
ESCO2,297.08342605867676,3.437568330567062e-54,chr8,27774553.0,1419124829.0,8p21.1
G0S2,296.7652815974132,3.8221553169500864e-54,chr1,209675411.0,209675411.0,1q32.2
CASC5,296.600913049185,4.037477493224316e-54,chr15,40594248.0,2339045276.0,15q15.1
LSR,296.59179074675376,4.0497780500918073e-54,chr19,35249001.0,2689660289.0,19q13.12
NDC80,296.11295233257556,4.751128318911469e-54,chr18,2571556.0,2576609559.0,18p11.32
DEPDC1B,295.2099836032744,6.422527887182682e-54,chr5,60596911.0,940256976.0,5q12.1
HAS3,294.96364895577454,6.973361807484471e-54,chr16,69105652.0,2469547869.0,16q22.1
CCNB1,294.0780316013574,9.375695428506394e-54,chr5,69167009.0,948827074.0,5q13.2
CHRDL1,293.7105657331145,1.0601936907753485e-53,chrX,110673855.0,2985675377.0,Xq23
ZFP36,293.4086744040783,1.172891260873592e-53,chr19,39406846.0,2693818134.0,19q13.2
MEOX2,293.2859809754198,1.222060151245632e-53,chr7,15611211.0,1247615514.0,7p21.2
TMEM88,292.7201493136692,1.4769808788479595e-53,chr17,7855065.0,2498635627.0,17p13.1
KIF11,292.6346172338119,1.519908521336152e-53,chr10,92593129.0,1767476758.0,10q23.33
RBMS3,292.52491474814553,1.5768048473530033e-53,chr3,29281070.0,520431021.0,3p24.1
PLAC9,292.21431613553705,1.749756035156723e-53,chr10,80131660.0,1755015289.0,10q22.3
ABCA6,291.97111782364857,1.8983659673863203e-53,chr17,69078701.0,2559859263.0,17q24.2
PHYHIP,291.85229948128415,1.9755132618795827e-53,chr8,22219702.0,1413569978.0,8p21.3
OXTR,291.1543587694838,2.496595219312703e-53,chr3,8750408.0,499900359.0,3p25.3
GNAI1,290.98468408927266,2.6428758419593015e-53,chr7,80134830.0,1312139133.0,7q21.11
STRBP,290.9530882340039,2.6710506172790956e-53,chr9,123121268.0,1659610180.0,9q33.3
PCOLCE2,290.6276751863312,2.97936349164188e-53,chr3,142817873.0,633967824.0,3q23
CCDC36,289.7045561231906,4.0625618916054894e-53,chr3,49198427.0,540348378.0,3p21.31
CCNE2,289.26788330672133,4.704974869153805e-53,chr8,94880224.0,1486230500.0,8q22.1
FAM83D,287.55188359928013,8.38332580278797e-53,chr20,38926416.0,2751955320.0,20q11.23
LIPE,287.22573680100214,9.357317310583546e-53,chr19,42401513.0,2696812801.0,19q13.2
TIMP4,287.20534646719767,9.421852335372752e-53,chr3,12153067.0,503303018.0,3p25.2
ABCD2,287.0909817549134,9.792180756217178e-53,chr12,39550032.0,1983317705.0,12q12
TRIM11,286.5224267754328,1.186176645726753e-52,chr1,228393675.0,228393675.0,1q42.13
PSENEN,285.995807258502,1.4168579350324447e-52,chr19,35745650.0,2690156938.0,19q13.12
GPC3,285.841136982292,1.4928026999860077e-52,chrX,133535745.0,3008537267.0,Xq26.2
MYH1,285.83357807259694,1.4966171670079738e-52,chr17,10492309.0,2501272871.0,17p13.1
SCN4B,285.7035656819025,1.5637778450218613e-52,chr11,118133376.0,1926814427.0,11q23.3
PTTG1,285.4640132637918,1.6955448076283842e-52,chr5,160421854.0,1040081919.0,5q33.3
CLDN11,285.3927075546892,1.7368778668129365e-52,chr3,170418867.0,661568818.0,3q26.2
MAB21L1,285.0055845776993,1.9795768500468665e-52,chr13,35473788.0,2112516770.0,13q13.3
ACADL,284.7905003342632,2.1288397609120115e-52,chr2,210187922.0,459144344.0,2q34
FOXO1,284.72033948439736,2.1799325684094342e-52,chr13,40555666.0,2117598648.0,13q14.11
CFD,284.2858781524216,2.5248963769629934e-52,chr19,859663.0,2655270951.0,19p13.3
SLC35A2,283.8947062262062,2.882136217846675e-52,chrX,48903182.0,2923904704.0,Xp11.23
TDO2,283.52685803518193,3.264243167748241e-52,chr4,155903695.0,845349205.0,4q32.1
BMX,283.4780629316603,3.318611108745822e-52,chrX,15500806.0,2890502328.0,Xp22.2
PYCR1,282.7195791237009,4.290628591704237e-52,chr17,81932385.0,2572712947.0,17q25.3
KLF4,282.65411990913356,4.386860769192978e-52,chr9,107484851.0,1643973763.0,9q31.2
KIF4B,282.4338258103894,4.726912262238004e-52,chr5,155013754.0,1034673819.0,5q33.2
ALDH1A1,282.4069881300859,4.770107603044746e-52,chr9,72900670.0,1609389582.0,9q21.13
HS3ST4,282.38438671171275,4.806791759588112e-52,chr16,25691958.0,2426134175.0,16p12.1
GPR109B,282.0498933169826,5.384011222264179e-52,chr12,122714755.0,2066482428.0,12q24.31
C10orf90,281.606934182731,6.256861031569093e-52,chr10,126424996.0,1801308625.0,10q26.2
CSN1S1,281.2895469032625,6.96835443562533e-52,chr4,69931067.0,759376577.0,4q13.3
SORBS1,280.8975608925313,7.960154273806842e-52,chr10,95311772.0,1770195401.0,10q24.1
HIST1H3F,280.82962643298276,8.145914965591795e-52,chr6,26250141.0,1087448465.0,6p22.2
SNF1LK2,280.4164566598621,9.373194728447697e-52,chr11,111602448.0,1920283499.0,11q23.1
TTC28,280.01598137926993,1.0739666347361508e-51,chr22,27978013.0,2852161067.0,22q12.1
LGALS12,280.0033571524871,1.0785849410466664e-51,chr11,63506083.0,1872187134.0,11q12.3
RBED1,279.4711945862191,1.2925164020376189e-51,chr2,85354768.0,334311190.0,2p11.2
MMD,279.28592273536685,1.3765932681163543e-51,chr17,55392621.0,2546173183.0,17q22
SAMD14,278.4376475711592,1.8373587676148094e-51,chr17,50110039.0,2540890601.0,17q21.33
PSMC4,278.3382597508495,1.900610657790315e-51,chr19,39971004.0,2694382292.0,19q13.2
ENPP2,278.0975334927745,2.0630179164880825e-51,chr8,119557085.0,1510907361.0,8q24.12
SAMD5,278.0476703389448,2.0983616580841204e-51,chr6,147508689.0,1208707013.0,6q24.3
TXNIP,277.5380064712313,2.4963797713609948e-51,chr1,145992441.0,145992441.0,1q21.1
CLDN19,277.1812109171236,2.819312166257031e-51,chr1,42733092.0,42733092.0,1p34.2
PPP1R14A,277.04942786878945,2.948916764690821e-51,chr19,38251236.0,2692662524.0,19q13.2
DMGDH,276.8847893091612,3.1192670497180984e-51,chr5,78997563.0,958657628.0,5q14.1
AKR1C3,276.5014633804426,3.5551488369256005e-51,chr10,5048765.0,1679932394.0,10p15.1
SPAG5,276.0691091125272,4.1205872649638044e-51,chr17,28577573.0,2519358135.0,17q11.2
CLDND2,275.68265989463646,4.701992853647792e-51,chr19,51367097.0,2705778385.0,19q13.41
THSD1,275.62057828321934,4.8027842986734905e-51,chr13,52377167.0,2129420149.0,13q14.3
MATN2,274.5748481450554,6.866729265458284e-51,chr8,97869063.0,1489219339.0,8q22.1
H2AFY,273.69815506181646,9.26951503921027e-51,chr5,135334380.0,1014994445.0,5q31.1
HOXA5,273.1743595936435,1.109111567573167e-50,chr7,27141051.0,1259145354.0,7p15.2
OLR1,272.3086210651162,1.4923304497519682e-50,chr12,10158299.0,1953925972.0,12p13.2
RP11-35N6.1,271.65684141009916,1.8663259507832939e-50,,,,
E2F7,270.7937088626966,2.510259545656671e-50,chr12,77021250.0,2020788923.0,12q21.2
GYPC,270.31622529013737,2.957935640603027e-50,chr2,126655934.0,375612356.0,2q14.3
FLJ22655,269.63788835325363,3.735145719002221e-50,,,,
SLC25A27,269.57156047282194,3.8213680579203516e-50,chr6,46652914.0,1107851238.0,6p12.3
CCNB2,269.5531819804603,3.8456104475520103e-50,chr15,59105145.0,2357556173.0,15q22.2
PYGM,268.9406345619876,4.748280727025149e-50,chr11,64746388.0,1873427439.0,11q13.1
P4HA3,268.908216245234,4.801583873627609e-50,chr11,74266656.0,1882947707.0,11q13.4
ASXL3,268.8247940483122,4.941526086405974e-50,chr18,33578218.0,2607616221.0,18q12.1
PER1,268.77867165148587,5.020646653860788e-50,chr17,8140471.0,2498921033.0,17p13.1
NMUR1,268.7440340430512,5.080900383284707e-50,chr2,231523186.0,480479608.0,2q37.1
PTTG3,268.52817056784363,5.473106185034909e-50,chr8,66767333.0,1458117609.0,8q13.1
PRCC,267.8663510125405,6.8753288630302115e-50,chr1,156767534.0,156767534.0,1q23.1
MRPS34,267.28595257753983,8.399045939826559e-50,chr16,1771894.0,2402214111.0,16p13.3
SGPL1,267.19270104049014,8.673680972182585e-50,chr10,70815947.0,1745699576.0,10q22.1
DPP6,267.03462097014784,9.159986467314863e-50,chr7,153748132.0,1385752435.0,7q36.2
CDK5,267.02881358361594,9.17836378112402e-50,chr7,151053814.0,1383058117.0,7q36.1
KLB,266.8541358723809,9.748762041664439e-50,chr4,39406929.0,728852439.0,4p14
NUAK2,266.74059889286787,1.0138450265133395e-49,chr1,205302062.0,205302062.0,1q32.1
KLF9,266.580545000812,1.071449347112828e-49,chr9,70384596.0,1606873508.0,9q21.12
PARP1,266.5415335896146,1.0859806627321001e-49,chr1,226360690.0,226360690.0,1q42.12
NEIL3,266.41025786115176,1.1363475569792464e-49,chr4,177309873.0,866755383.0,4q34.3
DNAJB4,266.26088888582166,1.196513685429187e-49,chr1,77979157.0,77979157.0,1p31.1
SMYD1,266.0255520018277,1.2978605904698432e-49,chr2,88067824.0,337024246.0,2p11.2
ARRDC3,265.11518124623393,1.777929356398197e-49,chr5,91368630.0,971028695.0,5q14.3
YPEL4,264.544239540309,2.1662727757273362e-49,chr11,57645086.0,1866326137.0,11q12.1
CNN1,264.50114912474487,2.198826396306322e-49,chr19,11538850.0,2665950138.0,19p13.2
SLC16A12,264.1045037453402,2.522518578256472e-49,chr10,89430298.0,1764313927.0,10q23.31
MAOA,263.97364214853917,2.639478636915329e-49,chrX,43654906.0,2918656428.0,Xp11.3
KIF15,263.61384938236887,2.9898733272056993e-49,chr3,44761793.0,535911744.0,3p21.31
C6orf189,263.51550145572077,3.0935298108693605e-49,chr6,116752196.0,1177950520.0,6q22.1
FAM70A,263.2704901281501,3.3677234279129628e-49,chrX,120258649.0,2995260171.0,Xq24
CDKN1C,262.97847464719223,3.726560768637937e-49,chr11,2883217.0,1811564268.0,11p15.4
CCNF,262.41281041465004,4.5345017783398704e-49,chr16,2429446.0,2402871663.0,16p13.3
PLXNA4A,261.81183712834655,5.5864174406696114e-49,chr7,132123331.0,1364127634.0,7q32.3
HDGF,261.52511146456334,6.171397390826246e-49,chr1,156742106.0,156742106.0,1q23.1
TRPM3,261.41462676228826,6.4128803022221335e-49,chr9,70529059.0,1607017971.0,9q21.12
NRN1,261.07262775826484,7.222156518501822e-49,chr6,5997999.0,1067196323.0,6p25.1
CA3,260.9887463460282,7.435827633995252e-49,chr8,85438858.0,1476789134.0,8q21.2
AADAC,260.52359895947154,8.741162168638515e-49,chr3,151814115.0,642964066.0,3q25.1
SAA4,260.05537009994373,1.0287592069842073e-48,chr11,18231354.0,1826912405.0,11p15.1
PTHR1,259.89564001648176,1.0875678235022681e-48,chr3,46877720.0,538027671.0,3p21.31
PID1,259.8543817475507,1.1032987702442072e-48,chr2,229023972.0,477980394.0,2q36.3
SLC22A3,258.8630655469981,1.558250792136408e-48,chr6,160348377.0,1221546701.0,6q25.3
CENPE,258.6822361851686,1.6596188300617887e-48,chr4,103105810.0,792551320.0,4q24
ARID5B,258.61737621589185,1.6975682318285584e-48,chr10,61901698.0,1736785327.0,10q21.2
TIMELESS,257.91798353219326,2.1664758177129253e-48,chr12,56416362.0,2000184035.0,12q13.3
MLXIPL,257.839417527461,2.2266841054816074e-48,chr7,73593201.0,1305597504.0,7q11.23
FAM111B,257.3920218276983,2.6029862303985437e-48,chr11,59107184.0,1867788235.0,11q12.1
MLF1IP,256.61083549745484,3.4195271284601245e-48,chr4,184694085.0,874139595.0,4q35.1
KIAA1688,256.55553758097165,3.486246718278756e-48,,,,
NTRK2,255.60049512979563,4.868376180410625e-48,chr9,84668521.0,1621157433.0,9q21.33
FOXM1,255.2763403459267,5.453129126974775e-48,chr12,2857679.0,1946625352.0,12p13.33
BRI3BP,255.25075738633987,5.502175371276986e-48,chr12,124993644.0,2068761317.0,12q24.31
TCEAL7,255.20332675026867,5.594280908865955e-48,chrX,103330185.0,2978331707.0,Xq22.2
DENND2A,255.18325991349764,5.633712959447829e-48,chr7,140518418.0,1372522721.0,7q34
P53AIP1,255.1690243369438,5.661855367657738e-48,chr11,128934731.0,1937615782.0,11q24.3
METTL7A,254.83484977487583,6.364580040041155e-48,chr12,50925014.0,1994692687.0,12q13.12
CENPL,254.7905096535542,6.464175909255088e-48,chr1,173799549.0,173799549.0,1q25.1
C18orf34,254.5001690289345,7.156128836382196e-48,chr18,32937405.0,2606975408.0,18q12.1
FOXN3,253.91391260780176,8.788265866462147e-48,chr14,89156179.0,2280563489.0,14q31.3
HIST1H3J,253.8404550400134,9.017527276907525e-48,chr6,27890314.0,1089088638.0,6p22.1
COL6A6,253.73954797289008,9.342275620188664e-48,chr3,130560333.0,621710284.0,3q22.1
KIF22,253.28414564588886,1.0960248982655813e-47,chr16,29790750.0,2430232967.0,16p11.2
RACGAP1,253.06114977364882,1.1852267515437769e-47,chr12,49989161.0,1993756834.0,12q13.12
C8orf51,252.87348542339157,1.2659180148490158e-47,chr8,143366622.0,1534716898.0,8q24.3
AURKA,252.85045910929216,1.2761911758797764e-47,chr20,56369388.0,2769398292.0,20q13.2
TJP3,252.56375773226915,1.411331296755414e-47,chr19,3708383.0,2658119671.0,19p13.3
EXO1,252.48902505408873,1.4488582987271929e-47,chr1,241848190.0,241848190.0,1q43
KCNB1,252.252293367333,1.574471947817971e-47,chr20,49363876.0,2762392780.0,20q13.13
KLHL13,252.1577220311112,1.627657058102668e-47,chrX,117897812.0,2992899334.0,Xq24
WDR34,252.0158089959945,1.7108680201019066e-47,chr9,128633660.0,1665122572.0,9q34.11
DUSP1,251.78012132201835,1.8586035926136237e-47,chr5,172768095.0,1052428160.0,5q35.1
APOA1BP,251.70974056842041,1.9051542746722429e-47,chr1,156591775.0,156591775.0,1q22
LSM4,251.5855235880554,1.990185992684039e-47,chr19,18306235.0,2672717523.0,19p13.11
ALDH18A1,251.48795516207085,2.0596379594978922e-47,chr10,95605942.0,1770489571.0,10q24.1
C3orf64,251.41894745593473,2.1102231285559674e-47,chr3,68975224.0,560125175.0,3p14.1
ECT2,251.26364159000104,2.228675441538553e-47,chr3,172750684.0,663900635.0,3q26.31
NNAT,251.16800049088863,2.3049177513248954e-47,chr20,37521249.0,2750550153.0,20q11.23
SKIP,251.03685275283433,2.4137384385911215e-47,chr14,77717600.0,2269124910.0,14q24.3
NDRG2,250.3770951294388,3.04457147794794e-47,chr14,21016762.0,2212424072.0,14q11.2
RCBTB2,250.32608521069557,3.0997435920472835e-47,chr13,48488962.0,2125531944.0,13q14.2
DST,250.27971287165005,3.150769858441809e-47,chr6,56457995.0,1117656319.0,6p12.1
SHCBP1,250.222998001029,3.2143238912299446e-47,chr16,46578592.0,2447020809.0,16q11.2
MEG3,250.20539163114876,3.2343138414125207e-47,chr14,100826107.0,2292233417.0,14q32.2
SCN3A,249.80039302751706,3.7302159907655977e-47,chr2,165087525.0,414043947.0,2q24.3
RGN,249.65269276199257,3.929478726559742e-47,chrX,47078354.0,2922079876.0,Xp11.3
CAPN11,249.37746901772698,4.329723933838407e-47,chr6,44158819.0,1105357143.0,6p21.1
GPRIN1,249.08857181742295,4.793948883667917e-47,chr5,176595801.0,1056255866.0,5q35.2
PELI2,248.8628161779025,5.191223453488111e-47,chr14,56118410.0,2247525720.0,14q22.3
KIAA1706,248.76982190487954,5.364327765450151e-47,,,,
PLK1,248.46255123974834,5.978563053194497e-47,chr16,23678888.0,2424121105.0,16p12.2
CENPA,247.67520715454526,7.894371115543591e-47,chr2,26786014.0,275742436.0,2p23.3
ST6GALNAC3,247.2752967020632,9.09240052544493e-47,chr1,76074745.0,76074745.0,1p31.1
SOD3,247.16257924828383,9.461913054010541e-47,chr4,24795572.0,714241082.0,4p15.2
RAB25,246.41707912521952,1.2315764087605866e-46,chr1,156061159.0,156061159.0,1q22
FLJ10357,246.39031678328575,1.2432917044605588e-46,,,,
STAB2,246.0531033068295,1.4008538107547379e-46,chr12,103587272.0,2047354945.0,12q23.3
FLAD1,245.9602867525081,1.447637128370671e-46,chr1,154983343.0,154983343.0,1q21.3
EZH2,245.80023869565267,1.5320205539293988e-46,chr7,148807382.0,1380811685.0,7q36.1
P2RY5,245.6132643723784,1.6368731497356156e-46,chr13,48411137.0,2125454119.0,13q14.2
ANKDD1A,245.33246836140023,1.8080248417430144e-46,chr15,64911901.0,2363362929.0,15q22.31
PYCRL,245.22037786316193,1.88126166375092e-46,chr8,143603209.0,1534953485.0,8q24.3
ISG20L2,245.06120548720898,1.990405095185735e-46,chr1,156721890.0,156721890.0,1q23.1
FAM54A,245.0296404342747,2.0127926387042357e-46,chr6,136231033.0,1197429357.0,6q23.3
LAGE3,244.04739598364094,2.851349114701875e-46,chrX,154477768.0,3029479290.0,Xq28
D4S234E,243.99527641646625,2.9045650410300283e-46,chr4,4386531.0,693832041.0,4p16.3
BGN,243.824123676047,3.0864292652424683e-46,chrX,153494979.0,3028496501.0,Xq28
NCOA5,243.6340778748406,3.3017902596267533e-46,chr20,46060994.0,2759089898.0,20q13.12
ATP6V0B,243.30355375698787,3.712887211194407e-46,chr1,43974959.0,43974959.0,1p34.1
TTK,243.2595774371539,3.771324032800762e-46,chr6,80004604.0,1141202928.0,6q14.1
hCG_1990170,242.9186758357075,4.256773395433865e-46,,,,
TFPI,242.50591214549658,4.9292605345252304e-46,chr2,187464230.0,436420652.0,2q32.1
CENTD3,242.1682203013137,5.558033468137791e-46,chr5,141653401.0,1021313466.0,5q31.3
SAA3P,242.16231659581035,5.569713765479178e-46,chr11,18112471.0,1826793522.0,11p15.1
EPAS1,241.4869393142373,7.08232653490978e-46,chr2,46297406.0,295253828.0,2p21
C1orf135,241.42903316286103,7.229798981618642e-46,chr1,25831912.0,25831912.0,1p36.11
TARS2,241.08329667005853,8.17670332491649e-46,chr1,150487418.0,150487418.0,1q21.2
FAM64A,240.18717486975015,1.1251928013318871e-45,chr17,6444454.0,2497225016.0,17p13.2
MAZ,240.02546085901645,1.191965463989008e-45,chr16,29806123.0,2430248340.0,16p11.2
WASF3,239.9864458948962,1.2086616740736635e-45,chr13,26557682.0,2103600664.0,13q12.13
SCN2B,239.71029617319877,1.3337426535357247e-45,chr11,118162805.0,1926843856.0,11q23.3
PENK,238.96727686784388,1.738662440788453e-45,chr8,56440956.0,1447791232.0,8q12.1
NAALAD2,238.6379638274901,1.9556060776245064e-45,chr11,90134662.0,1898815713.0,11q14.3
FGFBP2,238.2460100276206,2.2495103548127315e-45,chr4,15960245.0,705405755.0,4p15.32
GRRP1,237.83931129522276,2.601435349793652e-45,chr1,26159078.0,26159078.0,1p36.11
ABCB1,237.2915116873568,3.16438022285126e-45,chr7,87503016.0,1319507319.0,7q21.12
SYNE1,236.99938874682263,3.513015160904718e-45,chr6,152121683.0,1213320007.0,6q25.2
PASK,236.89949586149606,3.6408732982463705e-45,chr2,241106098.0,490062520.0,2q37.3
SCN3B,236.87973253783218,3.6667174473595666e-45,chr11,123629187.0,1932310238.0,11q24.1
APCDD1,236.87247241621108,3.676257543804555e-45,chr18,10454634.0,2584492637.0,18p11.22
Gcom1,235.8493957193084,5.303097595255858e-45,,,,
RSPO3,235.6059136478348,5.786673838164009e-45,chr6,127118670.0,1188316994.0,6q22.33
HLF,234.37122831576883,9.011353184063062e-45,chr17,55264959.0,2546045521.0,17q22
ANGPTL5,234.29448573364868,9.263092304878041e-45,chr11,101890673.0,1910571724.0,11q22.1
PTTG2,234.07938937370602,1.0006924700789781e-44,chr4,37960397.0,727405907.0,4p14
RCC2,234.03657755672208,1.0161978449252902e-44,chr1,17406759.0,17406759.0,1p36.13
SPINT2,234.016441918128,1.0235736049847329e-44,chr19,38264572.0,2692675860.0,19q13.2
RPL23AP13,233.5675407877844,1.2027077400282514e-44,,,,
CDKN2C,233.37462689728423,1.2890565038713966e-44,chr1,50968694.0,50968694.0,1p32.3
CKMT2,232.8880904310173,1.535490425681002e-44,chr5,81233319.0,960893384.0,5q14.1
HIST1H2BD,232.86980919242086,1.5456199416696376e-44,chr6,26158120.0,1087356444.0,6p22.2
PARN,231.57025865823434,2.467533318259258e-44,chr16,14435700.0,2414877917.0,16p13.12
PAK3,231.43682730813316,2.5890534410721335e-44,chrX,110944240.0,2985945762.0,Xq23
HOXA7,231.41282399589173,2.611542974422909e-44,chr7,27153718.0,1259158021.0,7p15.2
RBBP5,231.36296155074015,2.6588893590618546e-44,chr1,205086141.0,205086141.0,1q32.1
TOR3A,230.99636613928558,3.0344810535540765e-44,chr1,179082069.0,179082069.0,1q25.2
LRFN5,230.84962934135226,3.199343284352561e-44,chr14,41606855.0,2233014165.0,14q21.1
KIFC1,230.84890129163406,3.200183280754234e-44,chr6,33391822.0,1094590146.0,6p21.32
MGC13057,230.49659378776283,3.6337676183564647e-44,,,,
PHKG2,230.3735944511251,3.798641820621674e-44,chr16,30748298.0,2431190515.0,16p11.2
MRAP,229.8465154575806,4.594549411166312e-44,chr21,32291812.0,2809764883.0,21q22.11
CD36,229.6552380588221,4.923083387434081e-44,chr7,80602206.0,1312606509.0,7q21.11
INTS7,229.53270628096922,5.145826976938653e-44,chr1,211940398.0,211940398.0,1q32.3
NCAPH,229.46137454266974,5.280125633255865e-44,chr2,96335765.0,345292187.0,2q11.2
HPSE2,229.43509387478684,5.330486947040347e-44,chr10,98457076.0,1773340705.0,10q24.2
DNASE2,229.26487184598741,5.668559914560891e-44,chr19,12875208.0,2667286496.0,19p13.13
IER5L,229.15175534874558,5.9050357013927e-44,chr9,129175551.0,1665664463.0,9q34.11
PLEKHH2,229.12788699747463,5.956184912471032e-44,chr2,43637259.0,292593681.0,2p21
ANKRD15,229.08077993733423,6.058442323018206e-44,chr9,470290.0,1536959202.0,9p24.3
RHOJ,228.70290578927901,6.945104621731592e-44,chr14,63204442.0,2254611752.0,14q23.2
NDN,228.5975126040635,7.214863876993388e-44,chr15,23685399.0,2322136427.0,15q11.2
SLC25A44,228.58380318795943,7.250718091893728e-44,chr1,156194103.0,156194103.0,1q22
UBE2S,228.54178094223766,7.361736593944178e-44,chr19,55399744.0,2709811032.0,19q13.42
NLGN1,228.40135778321385,7.745243891527998e-44,chr3,173395951.0,664545902.0,3q26.31
DNASE1L3,228.33885917973961,7.922319450026949e-44,chr3,58192256.0,549342207.0,3p14.3
SDS,228.31809711964698,7.982038428208169e-44,chr12,113392445.0,2057160118.0,12q24.13
C4orf12,228.26321320443154,8.142088281098334e-44,chr4,84965615.0,774411125.0,4q21.23
HYAL1,228.05888332980342,8.766781830894261e-44,chr3,50299888.0,541449839.0,3p21.31
ADAR,228.01724875210013,8.899853163285884e-44,chr1,154582057.0,154582057.0,1q21.3
CILP2,228.00457752791502,8.940753494302165e-44,chr19,19538264.0,2673949552.0,19p13.11
AKAP12,227.97832375010353,9.026096984657e-44,chr6,151239966.0,1212438290.0,6q25.1
FOS,227.6691758184797,1.0094709678786255e-43,chr14,75278827.0,2266686137.0,14q24.3
FOSB,227.54328466268493,1.0565439412218834e-43,chr19,45467995.0,2699879283.0,19q13.32
PTAR1,227.26451017207245,1.168772595783144e-43,chr9,69709526.0,1606198438.0,9q21.12
GTSE1,227.04244021115656,1.2666759715754232e-43,chr22,46296869.0,2870479923.0,22q13.31
C21orf34,226.8897168727729,1.3387429913386745e-43,chr21,16070487.0,2793543558.0,21q21.1
KCTD12,226.82267228270328,1.3716661178949278e-43,chr13,76880174.0,2153923156.0,13q22.3
RGS2,226.78883194687936,1.388591166747236e-43,chr1,192809038.0,192809038.0,1q31.2
HTR2A,226.4262964265953,1.5836034025751617e-43,chr13,46831545.0,2123874527.0,13q14.2
RNF186,226.15280540238328,1.748709744377681e-43,chr1,19814028.0,19814028.0,1p36.13
SBDS,226.0647797715263,1.8054428913549853e-43,chr7,66987679.0,1298991982.0,7q11.21
IPO9,225.64834666776412,2.0999164962438414e-43,chr1,201829156.0,201829156.0,1q32.1
SPRY1,225.14589375775878,2.5201131535900797e-43,chr4,123396794.0,812842304.0,4q28.1
SEMA3G,224.9194589222617,2.7361291360435377e-43,chr3,52433034.0,543582985.0,3p21.1
HIST1H2BN,224.67903522310584,2.9858688396481704e-43,chr6,27838568.0,1089036892.0,6p22.1
SELI,224.5008535780989,3.1856029442639014e-43,chr2,26346142.0,275302564.0,2p23.3
ARS2,224.4075461717829,3.2954905453908833e-43,chr7,100875102.0,1332879405.0,7q22.1
TMEM178,224.40052122537864,3.3039161450707166e-43,chr2,39665497.0,288621919.0,2p22.1
HIST1H3A,224.37355172389462,3.3364641799990113e-43,chr6,26020450.0,1087218774.0,6p22.2
NCBP1,224.24318322717735,3.498393677455497e-43,chr9,97633422.0,1634122334.0,9q22.33
PKMYT1,224.04083842370213,3.765485301009651e-43,chr16,2972807.0,2403415024.0,16p13.3
FBXL6,223.97280750053466,3.859806556427318e-43,chr8,144355430.0,1535705706.0,8q24.3
ZNF587,223.8651804271729,4.01389194923041e-43,chr19,57849858.0,2712261146.0,19q13.43
PMM2,223.81947148201957,4.0811850351770544e-43,chr16,8797838.0,2409240055.0,16p13.2
CSTF2,223.8014922053568,4.107963457375771e-43,chrX,100820362.0,2975821884.0,Xq22.1
RRP12,223.78539975662903,4.132081123802122e-43,chr10,97356356.0,1772239985.0,10q24.1
RUSC1,223.4125080887393,4.732517221889078e-43,chr1,155320893.0,155320893.0,1q22
MEIS2,223.26129086742284,5.000287686230734e-43,chr15,36889205.0,2335340233.0,15q14
CENPM,223.15855544511666,5.190830912698257e-43,chr22,41938720.0,2866121774.0,22q13.2
TNNT3,223.14725226096,5.212234896354142e-43,chr11,1919702.0,1810600753.0,11p15.5
AQP1,223.07554721300278,5.35009559302876e-43,chr7,30911852.0,1262916155.0,7p14.3
FCGR1A,222.87198488733938,5.761732846024091e-43,chr1,149782693.0,149782693.0,1q21.2
PAK7,222.85941078513363,5.788177882665115e-43,chr20,9537370.0,2722566274.0,20p12.2
LOC284352,222.17045512790847,7.439722916440879e-43,,,,
DEPDC1,222.14661843335136,7.504645402979743e-43,chr1,68474151.0,68474151.0,1p31.3
MEF2D,222.1153002371729,7.590809737592655e-43,chr1,156463726.0,156463726.0,1q22
CDC42SE1,222.09250163649347,7.6541582249615e-43,chr1,151050970.0,151050970.0,1q21.3
RNF150,222.00778124757733,7.894247415041191e-43,chr4,140859806.0,830305316.0,4q31.21
NR3C1,221.97609261552705,7.985979315349358e-43,chr5,143277930.0,1022937995.0,5q31.3
RPL11,221.93354127247716,8.110841208659737e-43,chr1,23691778.0,23691778.0,1p36.11
FLJ20581,221.83526052216547,8.406773902804421e-43,,,,
PLAGL1,221.80049976764477,8.51401564608642e-43,chr6,143940299.0,1205138623.0,6q24.2
CIT,221.27105233620938,1.0327922428489348e-42,chr12,119685790.0,2063453463.0,12q24.23
RPL5,221.25397030732623,1.0392502615369467e-42,chr1,92831985.0,92831985.0,1p22.1
DPP9,221.22119134104955,1.0517563549666341e-42,chr19,4675226.0,2659086514.0,19p13.3
CHTF18,221.06266787340272,1.1144020165233679e-42,chr16,788619.0,2401230836.0,16p13.3
TMEM37,221.05029609618748,1.1194458402432149e-42,chr2,119431853.0,368388275.0,2q14.2
ALDH1A2,220.69335021886283,1.2752635656639462e-42,chr15,57953423.0,2356404451.0,15q21.3
TSTA3,220.5621091051154,1.3378756578499192e-42,chr8,143612617.0,1534962893.0,8q24.3
CG018,220.51626325874574,1.3604671117662958e-42,chr13,32400722.0,2109443704.0,13q13.1
FAM107A,220.32093541894758,1.461088811117112e-42,chr3,58564117.0,549714068.0,3p14.3
GRASP,220.31498842364508,1.4642668125031394e-42,chr12,52006945.0,1995774618.0,12q13.13
CDC14B,220.21490126067062,1.5188049910130085e-42,chr9,96500107.0,1632989019.0,9q22.33
CSF3,220.10315517881097,1.58210829267556e-42,chr17,40015439.0,2530796001.0,17q21.1
RCAN1,220.0315189488684,1.6240756091975465e-42,chr21,34516442.0,2811989513.0,21q22.12
JAM2,219.62453064281263,1.8846144054371057e-42,chr21,25639257.0,2803112328.0,21q21.3
LRRN3,219.59500616674492,1.9050715992938817e-42,chr7,111091005.0,1343095308.0,7q31.1
RECQL4,219.03638209440828,2.337004277984662e-42,chr8,144511287.0,1535861563.0,8q24.3
ATF3,218.81043472830845,2.538477618409046e-42,chr1,212565333.0,212565333.0,1q32.3
UGP2,218.54472358402134,2.7978254481579717e-42,chr2,63840968.0,312797390.0,2p15
C2orf37,218.52098444541159,2.822251785847172e-42,chr2,171434225.0,420390647.0,2q31.1
KCNA2,218.17507138743775,3.2034485030665516e-42,chr1,110593579.0,110593579.0,1p13.3
PLEKHC1,218.0147596411706,3.3972347898548786e-42,chr14,52857270.0,2244264580.0,14q22.1
DAAM2,217.83553063561178,3.627851345574273e-42,chr6,39792375.0,1100990699.0,6p21.2
C1QTNF6,217.70187684830015,3.809994959271704e-42,chr22,37180165.0,2861363219.0,22q12.3
CD200,217.53841703394914,4.0452810444891876e-42,chr3,112332572.0,603482523.0,3q13.2
MFAP4,217.4107744741251,4.239106193826653e-42,chr17,19383445.0,2510164007.0,17p11.2
C14orf80,217.38373843139726,4.2813417170851916e-42,chr14,105489854.0,2296897164.0,14q32.33
CENPO,217.29596753405178,4.4213894127008464e-42,chr2,24793114.0,273749536.0,2p23.3
MYOT,217.1349271608548,4.6904117414641864e-42,chr5,137867859.0,1017527924.0,5q31.2
KCTD4,217.0909922270684,4.766617372936896e-42,chr13,45192852.0,2122235834.0,13q14.12
SLC7A10,217.0705709926459,4.80245996713651e-42,chr19,33208663.0,2687619951.0,19q13.11
NMRAL1,217.02196131997107,4.8888697467390116e-42,chr16,4461679.0,2404903896.0,16p13.3
ANGPT1,216.95248675305257,5.01508495982882e-42,chr8,107249481.0,1498599757.0,8q23.1
NUDT9P1,216.82049277049188,5.263958033802536e-42,chr10,91152005.0,1766035634.0,10q23.32
FMO2,216.7876282353594,5.327827399640257e-42,chr1,171185207.0,171185207.0,1q24.3
IQGAP3,216.74848423123277,5.4049158783459244e-42,chr1,156525404.0,156525404.0,1q22
LOC388335,216.59149037806463,5.725505058729487e-42,,,,
ANK2,216.28858306040166,6.398988744473243e-42,chr4,112706017.0,802151527.0,4q25
ALDH3A1,216.28077514539922,6.41736197031918e-42,chr17,19737984.0,2510518546.0,17p11.2
MIF,216.27936331455953,6.42068987257018e-42,chr22,23894382.0,2848077436.0,22q11.23
GTF2IRD1,215.79517233192018,7.670499133624193e-42,chr7,74453905.0,1306458208.0,7q11.23
MMP28,215.55181816595785,8.38809328060975e-42,chr17,35756248.0,2526536810.0,17q12
RPS25,215.3715875312874,8.962640855358113e-42,chr11,119015717.0,1927696768.0,11q23.3
PPP2R1B,214.8802843075499,1.0737494682134776e-41,chr11,111726912.0,1920407963.0,11q23.1
PIK3R2,214.7344439994848,1.1329344740314889e-41,chr19,18153162.0,2672564450.0,19p13.11
CCDC69,214.7341923242636,1.1330393880924039e-41,chr5,151181051.0,1030841116.0,5q33.1
PDE3B,214.642422486629,1.1719521170089814e-41,chr11,14643722.0,1823324773.0,11p15.2
CLIP4,214.62377448887383,1.180021810598318e-41,chr2,29097675.0,278054097.0,2p23.2
CKAP2L,214.60000789300798,1.1903873818963764e-41,chr2,112736350.0,361692772.0,2q14.1
KIAA1754L,214.55783758349048,1.2090049602854188e-41,chr2,96325316.0,345281738.0,2q11.2
MCM4,214.24918057806863,1.3544700673847838e-41,chr8,47960940.0,1439311216.0,8q11.21
DPP3,214.13481161003236,1.4127233482520345e-41,chr11,66480433.0,1875161484.0,11q13.2
KGFLP1,214.10332390085225,1.4291983436585233e-41,chr9,62376255.0,1598865167.0,9q13
GABARAPL3,214.07871837992622,1.4422065214488618e-41,chr15,90346530.0,2388797558.0,15q26.1
SNTG2,213.78549821586998,1.606678947763185e-41,chr2,950848.0,249907270.0,2p25.3
UNC5B,213.3555512314715,1.8824882106754032e-41,chr10,71212569.0,1746096198.0,10q22.1
ANKRD47,213.21053568463307,1.9858532325100067e-41,chr19,8322583.0,2662733871.0,19p13.2
HSD17B11,213.04383455189813,2.1117322849269097e-41,chr4,87336515.0,776782025.0,4q22.1
SGCG,212.79196544605236,2.317278031398429e-41,chr13,23160507.0,2100203489.0,13q12.12
PTRF,212.70257345944697,2.394959881865362e-41,chr17,42402448.0,2533183010.0,17q21.2
PYGO2,212.35874094291475,2.718901407144495e-41,chr1,154957025.0,154957025.0,1q21.3
CCDC82,212.15313539144,2.933262267557127e-41,chr11,96352764.0,1905033815.0,11q21
GTF3C1,212.11186719208612,2.9782901049757213e-41,chr16,27460612.0,2427902829.0,16p12.1
CCL15,211.77162728628707,3.3769713188662747e-41,chr17,35997581.0,2526778143.0,17q12
UGCGL1,211.58934514572738,3.612165038209974e-41,chr2,128091199.0,377047621.0,2q14.3
HIST2H2AB,211.45443040042085,3.7967663723367536e-41,chr1,149887468.0,149887468.0,1q21.2
SLC37A1,211.43560688810015,3.823264051602816e-41,chr21,42499621.0,2819972692.0,21q22.3
ANKRD29,211.40281813754063,3.869864385038686e-41,chr18,23598925.0,2597636928.0,18q11.2
PTBP1,211.24223730702403,4.106450083805389e-41,chr19,797451.0,2655208739.0,19p13.3
KIF18A,211.0770728870499,4.3649416618175864e-41,chr11,28020618.0,1836701669.0,11p14.1
CDC45L,210.9230325624657,4.620720982152388e-41,chr22,19479465.0,2843662519.0,22q11.21
GRIK1,210.682222182118,5.051051224725636e-41,chr21,29536932.0,2807010003.0,21q21.3
PDZD2,210.6031655257342,5.200919874836817e-41,chr5,31639130.0,911299195.0,5p13.3
VIP,210.44023347054426,5.524016713889027e-41,chr6,152750796.0,1213949120.0,6q25.2
TMTC1,210.17389836292634,6.096113936351376e-41,chr12,29500812.0,1973268485.0,12p11.22
PAMCI,210.1388423973759,6.175717097279608e-41,chr12,85800702.0,2029568375.0,12q21.31
PRRG3,209.8884163632764,6.77554246090215e-41,chrX,151694606.0,3026696128.0,Xq28
MMRN1,209.3658307486963,8.22228608314298e-41,chr4,89879510.0,779325020.0,4q22.1
RAD54L,209.03444633806055,9.296486990814518e-41,chr1,46247687.0,46247687.0,1p34.1
DDX39,209.01471074454955,9.364733520185194e-41,chr19,14408797.0,2668820085.0,19p13.12
SGK,208.78738321783905,1.0188045507373218e-40,chr6,134169245.0,1195367569.0,6q23.2
OSR1,208.7550670974664,1.0310839482788176e-40,chr2,19351484.0,268307906.0,2p24.1
COMP,208.6089855952404,1.0884712885756189e-40,chr19,18782772.0,2673194060.0,19p13.11
LIG3,208.35614860303997,1.1954756656135234e-40,chr17,34980497.0,2525761059.0,17q12
MAPK13,208.08773406101764,1.3206506221050097e-40,chr6,36130512.0,1097328836.0,6p21.31
TF,208.03799178814432,1.3452533789262825e-40,chr3,133661997.0,624811948.0,3q22.1
IL17B,208.00657321378284,1.3610296104224612e-40,chr5,149374266.0,1029034331.0,5q32
KIAA1199,208.0026844558887,1.3629951427519604e-40,chr15,80779369.0,2379230397.0,15q25.1
CDH12,207.62409573371733,1.5686452944792108e-40,chr5,21750675.0,901410740.0,5p14.3
DDR2,207.57943536041682,1.5948732777373946e-40,chr1,162630862.0,162630862.0,1q23.3
ADAMTS1,207.54998538999186,1.6124088686368557e-40,chr21,26835754.0,2804308825.0,21q21.3
LOC400506,207.39590288012047,1.707359163839514e-40,,,,
FEN1,207.20558053546085,1.8324239507570215e-40,chr11,61792910.0,1870473961.0,11q12.2
B4GALT3,207.04417617488735,1.9456651747139813e-40,chr1,161171309.0,161171309.0,1q23.3
C16orf53,207.01016314781685,1.9704104394681687e-40,chr16,29816151.0,2430258368.0,16p11.2
PACSIN1,206.56446316216653,2.325413841413243e-40,chr6,34466075.0,1095664399.0,6p21.31
CCDC3,206.54408650799547,2.3430975696227824e-40,chr10,12896624.0,1687780253.0,10p13
LTBP4,206.5284203243359,2.3567850539753315e-40,chr19,40593165.0,2695004453.0,19q13.2
CDCA3,206.44207856902634,2.4336739683577444e-40,chr12,6844797.0,1950612470.0,12p13.31
IPO11,206.02299160045925,2.8441877815042157e-40,chr5,62412762.0,942072827.0,5q12.1
RAPGEF2,205.83517658840012,3.0500584935179756e-40,chr4,159104050.0,848549560.0,4q32.1
ANKRD35,205.79762533116818,3.092980113702411e-40,chr1,145866559.0,145866559.0,1q21.1
AASS,205.72743474902023,3.17484095399632e-40,chr7,122073549.0,1354077852.0,7q31.32
CCDC46,205.5271403840487,3.4205898703090104e-40,chr17,65635536.0,2556416098.0,17q24.1
CKAP2,205.3147647956421,3.702048851822641e-40,chr13,52455359.0,2129498341.0,13q14.3
MRPS12,205.22330280967873,3.830314511067102e-40,chr19,38930943.0,2693342231.0,19q13.2
LOC339524,205.01689075096496,4.136415585810701e-40,,,,
FAM89A,204.90253244723792,4.316451453964788e-40,chr1,231018957.0,231018957.0,1q42.2
BMP6,204.72913682318105,4.604545111704376e-40,chr6,7726098.0,1068924422.0,6p24.3
BAI3,204.7197524471726,4.620676285684858e-40,chr6,68635281.0,1129833605.0,6q12
TAL1,204.57855531403348,4.870345428186129e-40,chr1,47216289.0,47216289.0,1p33
GABRE,204.5564300784283,4.910676659460441e-40,chrX,151953123.0,3026954645.0,Xq28
PLA2G4A,204.02238707864683,5.9926886564299415e-40,chr1,186828948.0,186828948.0,1q31.1
TNFSF4,203.8302131797258,6.438074103637426e-40,chr1,173183730.0,173183730.0,1q25.1
SEPP1,203.81608176474526,6.472107430056372e-40,chr5,42799879.0,922459944.0,5p12
ROD1,203.4310148361957,7.472312727914964e-40,chr9,112217714.0,1648706626.0,9q32
STIL,203.42755038179465,7.481982321773343e-40,chr1,47250138.0,47250138.0,1p33
GAS2,203.1699741318687,8.237217502673822e-40,chr11,22666610.0,1831347661.0,11p14.3
LLGL2,202.95585406884064,8.922958486123432e-40,chr17,75525696.0,2566306258.0,17q25.1
CLSPN,202.4063498946062,1.0956638382803668e-39,chr1,35720212.0,35720212.0,1p34.3
SGOL2,202.24785479743096,1.1625407421432175e-39,chr2,200526141.0,449482563.0,2q33.1
LCN6,202.17976742682885,1.1925138360134412e-39,chr9,136744017.0,1673232929.0,9q34.3
ATP13A1,202.0482954089564,1.2526019635412013e-39,chr19,19645200.0,2674056488.0,19p13.11
C5orf4,201.73694053992725,1.407305086691559e-39,chr5,154818491.0,1034478556.0,5q33.2
KIT,201.5366930689862,1.5167931066457082e-39,chr4,54657956.0,744103466.0,4q12
STGC3,201.4327354585165,1.5769636060381783e-39,,,,
DOPEY2,201.17044761628085,1.7396388780825487e-39,chr21,36156781.0,2813629852.0,21q22.12
MRGPRF,201.15745900341116,1.7481186460280717e-39,chr11,69004393.0,1877685444.0,11q13.3
LENG4,200.8617512713825,1.952806418248351e-39,chr19,54173411.0,2708584699.0,19q13.42
VIT,200.76878609236402,2.021999667687038e-39,chr2,36696689.0,285653111.0,2p22.2
LIG1,200.5525580692139,2.192603745941545e-39,chr19,48115444.0,2702526732.0,19q13.33
LOC338328,200.53978386332997,2.203123028512901e-39,,,,
HIST1H3D,200.43741130516048,2.2892745914895672e-39,chr6,26196783.0,1087395107.0,6p22.2
PRNP,200.11156784717392,2.5866474296405602e-39,chr20,4686455.0,2717715359.0,20p13
KCNAB1,200.10448349641442,2.5935262260810267e-39,chr3,156120547.0,647270498.0,3q25.31
TRIP13,200.05322574413125,2.643846663922678e-39,chr5,892883.0,880552948.0,5p15.33
EPN3,199.96796972131548,2.7297231060239048e-39,chr17,50532734.0,2541313296.0,17q21.33
LRRC45,199.9493724505864,2.748824502539741e-39,chr17,82023304.0,2572803866.0,17q25.3
AMOTL2,199.86943988571352,2.8324628651011252e-39,chr3,134355344.0,625505295.0,3q22.2
RTKN,199.69942770680893,3.0189477428536476e-39,chr2,74425834.0,323382256.0,2p13.1
KIF26A,199.69526853171791,3.023661103205796e-39,chr14,104138722.0,2295546032.0,14q32.33
KPNA2,199.5134824860597,3.237047675571019e-39,chr17,68035734.0,2558816296.0,17q24.2
INPP1,199.4945567110719,3.26011425725165e-39,chr2,190343588.0,439300010.0,2q32.2
APBA1,199.3290474247406,3.468995761429568e-39,chr9,69427531.0,1605916443.0,9q21.12
MAPKAPK2,199.19666620239937,3.645695709627589e-39,chr1,206684904.0,206684904.0,1q32.1
CASQ2,199.06699380221642,3.827534762006925e-39,chr1,115700020.0,115700020.0,1p13.1
SFRP1,198.91530360141985,4.0518339435601014e-39,chr8,41261961.0,1432612237.0,8p11.21
CX3CL1,198.87090576168927,4.1199453193424056e-39,chr16,57372489.0,2457814706.0,16q21
MMP13,198.6671869266271,4.447506284758767e-39,chr11,102942994.0,1911624045.0,11q22.2
VIL2,198.31766557830005,5.071559192630574e-39,chr6,158765747.0,1219964071.0,6q25.3
ARFGEF2,198.09880283493123,5.50633257934418e-39,chr20,48921710.0,2761950614.0,20q13.13
ARHGEF4,198.08578579082433,5.5333391661525327e-39,chr2,130836913.0,379793335.0,2q21.1
MOSC1,197.99771372966754,5.71958841159166e-39,chr1,220786912.0,220786912.0,1q41
C9orf75,197.96674252015137,5.7865687891771676e-39,chr9,137191618.0,1673680530.0,9q34.3
EDG1,197.93981820901266,5.845436318970455e-39,chr1,101236748.0,101236748.0,1p21.2
LMNB2,197.71327672945537,6.365161713836126e-39,chr19,2428165.0,2656839453.0,19p13.3
TMEM118,197.59060144334038,6.665702493127457e-39,chr12,116738290.0,2060505963.0,12q24.22
PPP2R2B,197.56497969305445,6.730248728108037e-39,chr5,146580741.0,1026240806.0,5q32
CXCL10,197.4055587171944,7.146195358368501e-39,chr4,76021117.0,765466627.0,4q21.1
EIF2AK1,196.98734736861553,8.364144110128889e-39,chr7,6022246.0,1238026549.0,7p22.1
KL,196.84497057652175,8.824661455726001e-39,chr13,33016422.0,2110059404.0,13q13.1
FAM82A,196.8389851529377,8.84456907062355e-39,chr2,37925286.0,286881708.0,2p22.2
FAM110A,196.68931970636714,9.357280463796523e-39,chr20,833714.0,2713862618.0,20p13
IL6,196.49348779833167,1.0073464139037369e-38,chr7,22727199.0,1254731502.0,7p15.3
GINS2,196.46468655553556,1.0183336771938331e-38,chr16,85676197.0,2486118414.0,16q24.1
VANGL1,196.3343835870133,1.0695647091729842e-38,chr1,115641969.0,115641969.0,1p13.1
PI16,196.27205144084618,1.0949784961106063e-38,chr6,36948262.0,1098146586.0,6p21.2
GABRD,196.23078677669017,1.1121352266915867e-38,chr1,2019344.0,2019344.0,1p36.33
C14orf128,195.8970424320819,1.2611898039276772e-38,chr14,32075418.0,2223482728.0,14q12
PHF17,195.8627422890953,1.27760201500723e-38,chr4,128809699.0,818255209.0,4q28.2
MCM2,195.78874040829763,1.3137447360866255e-38,chr3,127598410.0,618748361.0,3q21.3
EGR2,195.64536154165998,1.386717303334526e-38,chr10,62811995.0,1737695624.0,10q21.3
MUSTN1,195.6254276620244,1.3971797016108294e-38,chr3,52833120.0,543983071.0,3p21.1
ADAM8,195.5993302628597,1.410996882538837e-38,chr10,133262422.0,1808146051.0,10q26.3
IBSP,195.4955164973792,1.4673318303344936e-38,chr4,87799553.0,777245063.0,4q22.1
SFXN1,195.3499271125656,1.5501594446329634e-38,chr5,175478559.0,1055138624.0,5q35.2
CCDC19,195.32293558554028,1.566023123755219e-38,chr1,159872363.0,159872363.0,1q23.2
C10orf10,195.21676334392075,1.6300202646023878e-38,chr10,44976127.0,1719859756.0,10q11.21
C19orf28,195.00904151223156,1.7629186421106624e-38,chr19,3544198.0,2657955486.0,19p13.3
WDHD1,194.9482595847387,1.8038246377993468e-38,chr14,54938948.0,2246346258.0,14q22.2
PF4,194.87121775678236,1.8570451368292087e-38,chr4,73980814.0,763426324.0,4q13.3
FLJ21986,194.63505005249664,2.03021148588802e-38,,,,
SAC3D1,194.48135382655937,2.1515211035870582e-38,chr11,65040932.0,1873721983.0,11q13.1
C2orf32,194.3956172958922,2.222324954997727e-38,chr2,68284170.0,317240592.0,2p14
LMO2,194.22658708849724,2.3688382804689145e-38,chr11,33858575.0,1842539626.0,11p13
ACSL1,194.21810713954213,2.376438782241274e-38,chr4,184755594.0,874201104.0,4q35.1
FGF7,194.1529771024887,2.4356358838936437e-38,chr15,49423241.0,2347874269.0,15q21.2
ADAMTS9,193.84747574434505,2.7336781049499627e-38,chr3,64515654.0,555665605.0,3p14.1
NIPSNAP3B,193.61521334747695,2.984535232219877e-38,chr9,104764128.0,1641253040.0,9q31.1
XPO6,193.55816039750795,3.04961188198789e-38,chr16,28097975.0,2428540192.0,16p12.1
LIPT1,193.47207319950522,3.1505114155034563e-38,chr2,99154966.0,348111388.0,2q11.2
C16orf14,193.42209074398178,3.2106241508360944e-38,chr16,641827.0,2401084044.0,16p13.3
DIAPH3,193.25937650823155,3.4144052142716744e-38,chr13,59665588.0,2136708570.0,13q21.2
WBP4,193.2471092293259,3.4302847701264427e-38,chr13,41061508.0,2118104490.0,13q14.11
GABARAPL1,192.9240258773482,3.8762686333247314e-38,chr12,10212876.0,1953980549.0,12p13.2
CASP12,192.85238835399693,3.9827880052417564e-38,chr11,104885717.0,1913566768.0,11q22.3
CCNL1,192.66050029818004,4.282808054844018e-38,chr3,157143120.0,648293071.0,3q25.31
SSPN,192.5010226898638,4.5493422932024747e-38,chr12,26195335.0,1969963008.0,12p12.1
C16orf24,192.36212046738578,4.79501794087974e-38,chr16,721145.0,2401163362.0,16p13.3
TTC26,192.33933299290254,4.83657463137856e-38,chr7,139133743.0,1371138046.0,7q34
CDC20,192.1501611026347,5.195814730474771e-38,chr1,43358980.0,43358980.0,1p34.2
TK2,192.05870550734048,5.378973528169622e-38,chr16,66508002.0,2466950219.0,16q21
CUTC,191.7746917410857,5.990115578092242e-38,chr10,99732233.0,1774615862.0,10q24.2
ACO1,191.66982794950886,6.232975524940407e-38,chr9,32384602.0,1568873514.0,9p21.1
ATAD2,191.6480254414157,6.284696895006978e-38,chr8,123319850.0,1514670126.0,8q24.13
C5orf26,191.46498306240767,6.736262792447717e-38,chr5,112160525.0,991820590.0,5q22.1
PEAR1,190.9632244601204,8.148201053992908e-38,chr1,156893717.0,156893717.0,1q23.1
DKFZp434K1815,190.95630021107613,8.169633666211598e-38,,,,
NR4A1,190.90141079753047,8.341546679825634e-38,chr12,52022831.0,1995790504.0,12q13.13
GINS1,190.66761535162186,9.115401606820696e-38,chr20,25407672.0,2738436576.0,20p11.21
TNS1,190.5204430076446,9.63908254201898e-38,chr2,217799588.0,466756010.0,2q35
POLA2,190.49040272897471,9.749629554848725e-38,chr11,65261961.0,1873943012.0,11q13.1
WFIKKN2,190.44581915749276,9.9160449048572e-38,chr17,50834583.0,2541615145.0,17q21.33
HIST1H2AM,190.26659966516655,1.0614272759424588e-37,chr6,27892698.0,1089091022.0,6p22.1
LRRC15,190.1313560419886,1.1173657583230759e-37,chr3,194355248.0,685505199.0,3q29
BCAS4,189.86153181464732,1.2379641445598944e-37,chr20,50794893.0,2763823797.0,20q13.13
AMT,189.84141567748387,1.247461762305801e-37,chr3,49416777.0,540566728.0,3p21.31
PLK4,189.75857868014265,1.2873490761024417e-37,chr4,127880892.0,817326402.0,4q28.1
SQLE,189.58705398050967,1.3740566990792193e-37,chr8,124998504.0,1516348780.0,8q24.13
MED25,189.5545470764321,1.3911382483145192e-37,chr19,49818288.0,2704229576.0,19q13.33
HMOX2,189.39330051151876,1.4790718570559917e-37,chr16,4474702.0,2404916919.0,16p13.3
PRX,189.34997627881484,1.5036345841870964e-37,chr19,40393763.0,2694805051.0,19q13.2
IL33,189.23368457653507,1.5716094095337896e-37,chr9,6215148.0,1542704060.0,9p24.1
C1orf74,188.793937955704,1.8577316367985135e-37,chr1,209779207.0,209779207.0,1q32.2
P2RY12,188.58235678815672,2.0134803883881242e-37,chr3,151336842.0,642486793.0,3q25.1
RELN,188.38633094913666,2.1694515140809143e-37,chr7,103471783.0,1335476086.0,7q22.1
GPRASP2,187.96845504486308,2.543616368704216e-37,chrX,102712175.0,2977713697.0,Xq22.1
HIST1H1B,187.55305433679004,2.979762464365183e-37,chr6,27866791.0,1089065115.0,6p22.1
ASAM,187.3966592695506,3.1627706544044163e-37,chr11,123069871.0,1931750922.0,11q24.1
ETS2,187.3434739670368,3.2275426651081836e-37,chr21,38805182.0,2816278253.0,21q22.2
ARL4A,187.07049954191044,3.5815405336078995e-37,chr7,12686826.0,1244691129.0,7p21.3
IRS2,186.9943421849503,3.6870800330419552e-37,chr13,109752694.0,2186795676.0,13q34
BMP2,186.7403913446604,4.0620889536959275e-37,chr20,6767685.0,2719796589.0,20p12.3
JTB,186.5001920146892,4.451960749845887e-37,chr1,153974268.0,153974268.0,1q21.3
SPATS2,186.23957515441174,4.9175722505983145e-37,chr12,49367461.0,1993135134.0,12q13.12
PROL1,186.2110067087947,4.971496197203173e-37,chr4,70397939.0,759843449.0,4q13.3
LASS2,186.12718416475988,5.133163297223336e-37,chr1,150965172.0,150965172.0,1q21.3
MARCKSL1,186.0898626914738,5.206831941102605e-37,chr1,32333838.0,32333838.0,1p35.1
SLC27A1,185.92402964774817,5.547214277493502e-37,chr19,17470523.0,2671881811.0,19p13.11
GBE1,185.91828088095562,5.559406272370914e-37,chr3,81489704.0,572639655.0,3p12.2
MCM10,185.88364448029026,5.633434378855711e-37,chr10,13161557.0,1688045186.0,10p13
WIF1,185.85940824921454,5.68582175503518e-37,chr12,65050625.0,2008818298.0,12q14.3
CCDC9,185.82005231743855,5.7719343354887e-37,chr19,47256524.0,2701667812.0,19q13.32
CRYAB,185.79760657904902,5.821631429589613e-37,chr11,111908563.0,1920589614.0,11q23.1
CYR61,185.72679619615644,5.981244248674717e-37,chr1,85580760.0,85580760.0,1p22.3
BHMT2,185.64190466397014,6.178396238896744e-37,chr5,79069766.0,958729831.0,5q14.1
NPR2,185.59198968059445,6.297349697042253e-37,chr9,35791590.0,1572280502.0,9p13.3
ALDOC,185.4895036524571,6.548839262643859e-37,chr17,28573119.0,2519353681.0,17q11.2
SGOL1,185.16478953894514,7.414170423468058e-37,chr3,20160592.0,511310543.0,3p24.3
COL1A1,184.9361731598552,8.091401048136035e-37,chr17,50184100.0,2540964662.0,17q21.33
CKAP5,184.88242960902755,8.259416591641488e-37,chr11,46743047.0,1855424098.0,11p11.2
PKD1L2,184.83585550693607,8.407847741501749e-37,chr16,81100876.0,2481543093.0,16q23.2
DUSP6,184.80817787609246,8.49732103179869e-37,chr12,89347236.0,2033114909.0,12q21.33
LOXL4,184.7053453559708,8.838198164465889e-37,chr10,98247690.0,1773131319.0,10q24.2
ID4,184.6711230140768,8.954657702770326e-37,chr6,19837369.0,1081035693.0,6p22.3
SEMA3D,184.5506369690723,9.377067041564785e-37,chr7,84995555.0,1316999858.0,7q21.11
SLC25A39,184.49913000317326,9.563691692208625e-37,chr17,44319624.0,2535100186.0,17q21.31
CREB5,184.42164861999908,9.851473560538613e-37,chr7,28299320.0,1260303623.0,7p15.1
LEP,184.26540409016388,1.0458501644771163e-36,chr7,128241277.0,1360245580.0,7q32.1
LRRC8E,184.15903062556262,1.0893115428339259e-36,chr19,7888504.0,2662299792.0,19p13.2
GNG2,184.0658168317738,1.1288837860470164e-36,chr14,51860611.0,2243267921.0,14q22.1
SCT,183.6615188118474,1.3179149499254529e-36,chr11,626308.0,1809307359.0,11p15.5
CENPI,183.58196565712632,1.3586950108577317e-36,chrX,101098181.0,2976099703.0,Xq22.1
PDGFA,183.54800016645433,1.3764896858933755e-36,chr7,497259.0,1232501562.0,7p22.3
EBF3,183.51999847713748,1.3913356433976604e-36,chr10,129835232.0,1804718861.0,10q26.3
MAN2A2,183.3674841663502,1.4750625336638969e-36,chr15,90902381.0,2389353409.0,15q26.1
MFAP2,183.30556343103513,1.510482031504022e-36,chr1,16974503.0,16974503.0,1p36.13
KCTD5,183.28215283708218,1.524094449545816e-36,chr16,2682522.0,2403124739.0,16p13.3
HN1L,183.27439290780404,1.528633679809239e-36,chr16,1612359.0,2402054576.0,16p13.3
SMC4,183.23912281120116,1.549436758791092e-36,chr3,160399649.0,651549600.0,3q25.33
HMGB3,183.04997092568865,1.665947787990471e-36,chrX,150980506.0,3025982028.0,Xq28
CLK1,182.8051483669558,1.829902582943096e-36,chr2,200853008.0,449809430.0,2q33.1
KIAA1683,182.57552450941245,1.9983694316840484e-36,chr19,18257097.0,2672668385.0,19p13.11
HIST1H2AL,182.19348570877855,2.3138582457891136e-36,chr6,27865316.0,1089063640.0,6p22.1
RGL1,182.17676628258937,2.3287535253445144e-36,chr1,183636108.0,183636108.0,1q25.3
JARID1B,182.15392412165386,2.3492591791011876e-36,chr1,202724496.0,202724496.0,1q32.1
FGFBP1,182.13533035628572,2.3660847046176e-36,chr4,15935576.0,705381086.0,4p15.32
HSPB2,181.96164864952905,2.5292084420263665e-36,chr11,111912733.0,1920593784.0,11q23.1
ARMETL1,181.9080542980955,2.5817883778668578e-36,chr10,14819244.0,1689702873.0,10p13
FAM86A,181.8689904578278,2.6208026898037874e-36,chr16,5084283.0,2405526500.0,16p13.3
HIST1H2BH,181.7943998717164,2.6969496711395992e-36,chr6,26251613.0,1087449937.0,6p22.2
C1orf190,181.68081774017335,2.817188105151398e-36,chr1,46203333.0,46203333.0,1p34.1
PPP1R14B,181.57477864268674,2.934292598196574e-36,chr11,64244478.0,1872925529.0,11q13.1
CTPS2,181.4970906565453,3.02317675578665e-36,chrX,16587998.0,2891589520.0,Xp22.2
SHE,181.45171635962922,3.076334972738292e-36,chr1,154479482.0,154479482.0,1q21.3
GPRC5A,181.15762939370453,3.444364429311107e-36,chr12,12891561.0,1956659234.0,12p13.1
FLRT2,181.11228227404374,3.5049195923678185e-36,chr14,85530024.0,2276937334.0,14q31.3
SUCLA2,180.98614741424487,3.679034328624678e-36,chr13,47942655.0,2124985637.0,13q14.2
CLCN2,180.90763167289762,3.7917728457740076e-36,chr3,184346184.0,675496135.0,3q27.1
ACACB,180.84941067811792,3.877603427454845e-36,chr12,109116586.0,2052884259.0,12q24.11
PDGFD,180.7384092974377,4.0466833546374264e-36,chr11,103907190.0,1912588241.0,11q22.3
HIST1H3H,180.62935769032038,4.219996918531573e-36,chr6,27810050.0,1089008374.0,6p22.1
RND3,180.48039165268534,4.468847137496695e-36,chr2,150468192.0,399424614.0,2q23.3
GRM8,180.4603443514378,4.503442144616803e-36,chr7,126438597.0,1358442900.0,7q31.33
LEPREL1,180.38459843303733,4.636598132054909e-36,chr3,189956727.0,681106678.0,3q28
IGSF9,180.35032522346356,4.698139405842706e-36,chr1,159927040.0,159927040.0,1q23.2
NDE1,180.11364873288167,5.146091008341881e-36,chr16,15643381.0,2416085598.0,16p13.11
IFI30,180.09019136692518,5.1927588770707824e-36,chr19,18173812.0,2672585100.0,19p13.11
LARP6,180.06220073590129,5.249001626168442e-36,chr15,70829130.0,2369280158.0,15q23
DPYSL2,179.9404365422517,5.5008684480068326e-36,chr8,26514030.0,1417864306.0,8p21.2
TPD52,179.85010412657422,5.6955240775096184e-36,chr8,80034745.0,1471385021.0,8q21.13
ACTG2,179.84635044785404,5.703760731766379e-36,chr2,73893007.0,322849429.0,2p13.1
GIMAP8,179.58130680256946,6.316608292787263e-36,chr7,150450629.0,1382454932.0,7q36.1
ADH1B,179.52197413602593,6.462613123366423e-36,chr4,99304970.0,788750480.0,4q23
ANKAR,179.40766415165174,6.753521747825977e-36,chr2,189674669.0,438631091.0,2q32.2
MYOM2,179.3735587986573,6.842835836146926e-36,chr8,2045045.0,1393395321.0,8p23.3
PTPN6,179.36915807881624,6.854446318348344e-36,chr12,6946576.0,1950714249.0,12p13.31
TMEM57,179.12527008312813,7.52978529564321e-36,chr1,25430857.0,25430857.0,1p36.11
KCNA4,178.88405846722964,8.263385670598331e-36,chr11,30009730.0,1838690781.0,11p14.1
ZNF219,178.768485692657,8.639883441540817e-36,chr14,21090045.0,2212497355.0,14q11.2
PRLR,178.53764705293383,9.444199571251165e-36,chr5,35048755.0,914708820.0,5p13.2
DAP3,178.46235824962312,9.722454790734579e-36,chr1,155689090.0,155689090.0,1q22
RPL9,178.42715958301434,9.855351038259221e-36,chr4,39454124.0,728899634.0,4p14
LOC442590,178.36124404211557,1.0109144981534087e-35,,,,
CD276,178.28931507615349,1.0393581941737308e-35,chr15,73684280.0,2372135308.0,15q24.1
STXBP2,178.04828581078894,1.1406573228170239e-35,chr19,7637109.0,2662048397.0,19p13.2
PTPRM,177.9221512034587,1.197559517043538e-35,chr18,7567315.0,2581605318.0,18p11.23
TMEM47,177.80257052945652,1.2541335337551468e-35,chrX,34627074.0,2909628596.0,Xp21.1
PTK6,177.754733004116,1.277509764510895e-35,chr20,63528000.0,2776556904.0,20q13.33
ZNF553,177.5265909643782,1.3951522983096663e-35,chr16,30378311.0,2430820528.0,16p11.2
ABCA5,177.51909162153902,1.399198690598047e-35,chr17,69244310.0,2560024872.0,17q24.3
ACSS2,177.3196668468369,1.5112316706750864e-35,chr20,34874962.0,2747903866.0,20q11.22
LOC150223,177.20015596267632,1.5826400978744004e-35,,,,
HIST3H2BB,177.13433449453717,1.6234048147554166e-35,,,,
C9orf142,177.13352431132301,1.6239130889611418e-35,chr9,136992421.0,1673481333.0,9q34.3
SCAMP3,177.102577739156,1.6434476526103006e-35,chr1,155255980.0,155255980.0,1q22
SOX12,177.02619685719807,1.692677203412408e-35,chr20,325570.0,2713354474.0,20p13
STX12,177.0092183048773,1.7038198382996367e-35,chr1,27773218.0,27773218.0,1p35.3
PCDH17,176.95352224129888,1.74089125784424e-35,chr13,57631743.0,2134674725.0,13q21.1
PSRC1,176.5206900501072,2.0579818480108714e-35,chr1,109279553.0,109279553.0,1p13.3
PTGS2,176.49457317426672,2.0788720101108748e-35,chr1,186671790.0,186671790.0,1q31.1
CHEK1,176.47837379762305,2.091936230837064e-35,chr11,125625135.0,1934306186.0,11q24.2
LOC492311,176.41983958945912,2.139832452995677e-35,,,,
C20orf82,176.38740234875462,2.1668468535755137e-35,chr20,13221273.0,2726250177.0,20p12.1
EZH1,176.36339449697687,2.1870612346499466e-35,chr17,42700274.0,2533480836.0,17q21.2
CDC6,176.3197912680299,2.2242599302557697e-35,chr17,40287878.0,2531068440.0,17q21.2
MT1M,176.26964862732655,2.267823083264571e-35,chr16,56632658.0,2457074875.0,16q13
SPATA9,176.26904285510992,2.2683545696098967e-35,chr5,95652180.0,975312245.0,5q15
POLQ,176.20367441382794,2.3264475557175566e-35,chr3,121431430.0,612581381.0,3q13.33
CEP250,176.01763710744484,2.5000806403982225e-35,chr20,35455597.0,2748484501.0,20q11.22
LMBRD1,175.9660383149309,2.5505027313013465e-35,chr6,69674009.0,1130872333.0,6q13
KIAA1881,175.85400127988376,2.6635262527500263e-35,chr19,4502195.0,2658913483.0,19p13.3
ARL6IP1,175.79415052019814,2.725949829562645e-35,chr16,18791666.0,2419233883.0,16p12.3
E2F8,175.63909615077884,2.8945840193802196e-35,chr11,19224062.0,1827905113.0,11p15.1
C18orf45,175.58796777400855,2.952454653829468e-35,,,,
DLC1,175.5841379798784,2.9568359352939824e-35,chr8,13083360.0,1404433636.0,8p22
SAT2,175.4638920153385,3.097766197647441e-35,chr17,7626233.0,2498406795.0,17p13.1
LMOD1,175.31827153850716,3.277491462097896e-35,chr1,201896455.0,201896455.0,1q32.1
PFKFB1,175.21865831726038,3.406426117492122e-35,chrX,54932960.0,2929934482.0,Xp11.21
CTHRC1,175.19266144070548,3.44090481796431e-35,chr8,103371537.0,1494721813.0,8q22.3
TMED6,174.99268447297527,3.7181051086447126e-35,chr16,69343252.0,2469785469.0,16q22.1
NMT2,174.98482939608357,3.7294395916485533e-35,chr10,15105769.0,1689989398.0,10p13
C16orf13,174.92688260559282,3.8141322650390387e-35,chr16,634426.0,2401076643.0,16p13.3
ABLIM1,174.8458619596037,3.935794503397206e-35,chr10,114431109.0,1789314738.0,10q25.3
HOXA3,174.69815721643255,4.167701102259797e-35,chr7,27107009.0,1259111312.0,7p15.2
ADIPOQ,174.49226291585506,4.5140294838413657e-35,chr3,186842709.0,677992660.0,3q27.3
C20orf20,174.46340776711557,4.564820403182477e-35,chr20,62796472.0,2775825376.0,20q13.33
ERG,174.34273570705835,4.7835169522762695e-35,chr21,38367260.0,2815840331.0,21q22.2
FAM100A,174.21959183563666,5.017537649894683e-35,chr16,4608883.0,2405051100.0,16p13.3
C14orf49,174.07272449853892,5.311713212798279e-35,chr14,95407265.0,2286814575.0,14q32.13
EDN3,174.06504800259998,5.327556658588216e-35,chr20,59300610.0,2772329514.0,20q13.32
GRAMD3,173.9759120557415,5.51503279030941e-35,chr5,126360119.0,1006020184.0,5q23.2
MPL,173.91478762615313,5.647406212722974e-35,chr1,43337817.0,43337817.0,1p34.2
PPP1R1A,173.83513658322278,5.824697873395262e-35,chr12,54579245.0,1998346918.0,12q13.2
DARS2,173.72280870026196,6.084257327236228e-35,chr1,173824672.0,173824672.0,1q25.1
ARHGAP11A,173.64296962140267,6.275771429623107e-35,chr15,32615143.0,2331066171.0,15q13.3
TSC22D1,173.6109390529527,6.354294607227435e-35,chr13,44432142.0,2121475124.0,13q14.11
ECM2,173.57050185522957,6.454836291939319e-35,chr9,92493546.0,1628982458.0,9q22.31
NVL,173.55774416178653,6.486886678674585e-35,chr1,224227333.0,224227333.0,1q42.11
RASSF7,173.3667536070602,6.986243330128545e-35,chr11,560969.0,1809242020.0,11p15.5
TYMS,173.3297413454838,7.087387380629865e-35,chr18,657652.0,2574695655.0,18p11.32
GPM6B,173.2988408282105,7.172954391816447e-35,chrX,13770921.0,2888772443.0,Xp22.2
LOC400120,173.24088091579773,7.336257733243257e-35,,,,
TSEN54,173.19752108648387,7.460859987553503e-35,chr17,75516527.0,2566297089.0,17q25.1
TBX15,173.1790506997886,7.51458088829108e-35,chr1,118883046.0,118883046.0,1p12
EGR3,173.07015053899795,7.839300649698202e-35,chr8,22687658.0,1414037934.0,8p21.3
FLJ25770,172.796220942063,8.719747772269613e-35,,,,
EMP1,172.6992061960634,9.05481535940876e-35,chr12,13196725.0,1956964398.0,12p13.1
CDCA2,172.6649966399929,9.176023912856485e-35,chr8,25458930.0,1416809206.0,8p21.2
LOC401127,172.15102379637187,1.1206001732113911e-34,chr4,39480254.0,728925764.0,4p14
POLG,172.00467320771256,1.1862503484154445e-34,chr15,89316325.0,2387767353.0,15q26.1
ESD,171.96209396554914,1.2060656694341144e-34,chr13,46771255.0,2123814237.0,13q14.2
C15orf42,171.94699851057484,1.2131701875864472e-34,chr15,89575468.0,2388026496.0,15q26.1
ATP8B4,171.88373675670942,1.2434033428946643e-34,chr15,49858237.0,2348309265.0,15q21.2
F12,171.85975063028542,1.2550631254343082e-34,chr5,177402140.0,1057062205.0,5q35.3
EFEMP1,171.71902263926134,1.3257161945495633e-34,chr2,55865966.0,304822388.0,2p16.1
TSPAN17,171.5257734227331,1.4292879478383425e-34,chr5,176647483.0,1056307548.0,5q35.2
MCAM,171.47686392414695,1.4567644414990454e-34,chr11,119308529.0,1927989580.0,11q23.3
SYN2,171.47340829507624,1.45872568259926e-34,chr3,12004359.0,503154310.0,3p25.2
PROX1,171.46259126184185,1.4648820306091447e-34,chr1,213987972.0,213987972.0,1q32.3
C10orf54,171.44484558337786,1.4750382329381007e-34,chr10,71747555.0,1746631184.0,10q22.1
TSHZ2,171.41660523332047,1.4913466416959515e-34,chr20,52972357.0,2766001261.0,20q13.2
PLCXD3,171.28159565854784,1.5718484157400707e-34,chr5,41306951.0,920967016.0,5p13.1
PPP4C,171.27863152673706,1.5736639127696586e-34,chr16,30075993.0,2430518210.0,16p11.2
BLM,171.01355475768463,1.7448277881025978e-34,chr15,90717345.0,2389168373.0,15q26.1
N-PAC,170.9628529210716,1.7796359020377947e-34,chr16,4803202.0,2405245419.0,16p13.3
CABP1,170.9212171417442,1.8087404003869662e-34,chr12,120640618.0,2064408291.0,12q24.31
PRKD1,170.75632740690057,1.9287710980752105e-34,chr14,29576480.0,2220983790.0,14q12
ARL8A,170.69032706611927,1.9790270664533105e-34,chr1,202133403.0,202133403.0,1q32.1
KY,170.34981928847236,2.2599613934586627e-34,chr3,134599922.0,625749873.0,3q22.2
C8orf30A,170.32918689346263,2.278216628428697e-34,chr8,144137773.0,1535488049.0,8q24.3
EHD2,170.2668522041187,2.3342732342960987e-34,chr19,47713421.0,2702124709.0,19q13.33
RUNDC3B,170.22430522515717,2.373327832209059e-34,chr7,87628397.0,1319632700.0,7q21.12
JMJD4,170.01056005299114,2.579676956488838e-34,chr1,227731188.0,227731188.0,1q42.13
HM13,169.91814133217142,2.6743850406377175e-34,chr20,31514409.0,2744543313.0,20q11.21
PVRL3,169.89985507837883,2.6935337855013783e-34,chr3,111071815.0,602221766.0,3q13.13
ARF1,169.6868250915328,2.9270132983533336e-34,chr1,228082659.0,228082659.0,1q42.13
ADIPOR1,169.6128888700646,3.012708597592385e-34,chr1,202940824.0,202940824.0,1q32.1
CENPK,169.53887162105164,3.101019869188846e-34,chr5,65516291.0,945176356.0,5q12.3
ARMC9,169.509283472535,3.137044582676188e-34,chr2,231198630.0,480155052.0,2q37.1
CBX7,169.42806146335943,3.238109002678459e-34,chr22,39130773.0,2863313827.0,22q13.1
RUVBL1,169.3301556635544,3.3642859453106876e-34,chr3,128064784.0,619214735.0,3q21.3
CYYR1,169.21031549399632,3.525466929754406e-34,chr21,26466215.0,2803939286.0,21q21.3
LOH3CR2A,169.18598222651286,3.559129063765436e-34,chr3,8571781.0,499721732.0,3p25.3
HADH,168.9419952526914,3.915012477785421e-34,chr4,107989888.0,797435398.0,4q25
CLDN7,168.9135027962802,3.9588353577917365e-34,chr17,7259902.0,2498040464.0,17p13.1
AIFM2,168.77012222843612,4.1869476219855035e-34,chr10,70112266.0,1744995895.0,10q22.1
PTPRZ1,168.68664516249393,4.325784054249821e-34,chr7,121873160.0,1353877463.0,7q31.32
HBB,168.62191050062086,4.4366215059692756e-34,chr11,5225463.0,1813906514.0,11p15.4
CUGBP2,168.56792172070905,4.531236625157218e-34,chr10,10462549.0,1685346178.0,10p14
DMRT2,168.52199683790764,4.613311928080662e-34,chr9,1050353.0,1537539265.0,9p24.3
AXUD1,168.35130837791579,4.931654766841641e-34,chr3,39141850.0,530291801.0,3p22.2
CTXN1,168.3421932502844,4.949261958740481e-34,chr19,7924490.0,2662335778.0,19p13.2
PDE11A,167.9864115183878,5.688111926850099e-34,chr2,177623244.0,426579666.0,2q31.2
CRIM1,167.79371867031492,6.133497622655517e-34,chr2,36355777.0,285312199.0,2p22.2
C1orf67,167.698599236662,6.366092092982055e-34,chr1,224929653.0,224929653.0,1q42.12
SH3BGRL2,167.6356771766408,6.524798703859866e-34,chr6,79631328.0,1140829652.0,6q14.1
NRXN1,167.50938487349984,6.855426047935308e-34,chr2,49918502.0,298874924.0,2p16.3
CLDN5,167.41378374208264,7.116841694910921e-34,chr22,19523023.0,2843706077.0,22q11.21
SLC20A1,167.2405623887582,7.6162556667640094e-34,chr2,112645938.0,361602360.0,2q14.1
PCDH18,166.96330301319048,8.489860786151617e-34,chr4,137518919.0,826964429.0,4q28.3
UBFD1,166.84576850007738,8.889910356514827e-34,chr16,23557726.0,2423999943.0,16p12.2
GFRA2,166.84457162599918,8.894079950592055e-34,chr8,21690397.0,1413040673.0,8p21.3
HIST2H2AC,166.81726281950253,8.989751691462356e-34,chr1,149886917.0,149886917.0,1q21.2
ZBTB16,166.78875195161424,9.090736741915111e-34,chr11,114059710.0,1922740761.0,11q23.2
SIRT6,166.7813114590406,9.11727763844332e-34,chr19,4174108.0,2658585396.0,19p13.3
PPWD1,166.70893677561335,9.37953620664704e-34,chr5,65563238.0,945223303.0,5q12.3
GSG2,166.66669394299464,9.536093371703628e-34,chr17,3723902.0,2494504464.0,17p13.2
DNMT1,166.60711953093832,9.761350700471479e-34,chr19,10133345.0,2664544633.0,19p13.2
C6orf125,166.4059457401094,1.0562221794502157e-33,chr6,33696764.0,1094895088.0,6p21.31
AURKB,166.36476596185486,1.0734118381505148e-33,chr17,8204730.0,2498985292.0,17p13.1
PDLIM3,166.05979556966898,1.2097666306351889e-33,chr4,185500660.0,874946170.0,4q35.1
CCL11,165.9849668427164,1.2457988444487623e-33,chr17,34285741.0,2525066303.0,17q12
MRAS,165.90149706746655,1.2872642091906879e-33,chr3,138347647.0,629497598.0,3q22.3
MAP3K15,165.8554851407772,1.3107108663093016e-33,chrX,19360057.0,2894361579.0,Xp22.12
MYEOV,165.84550882429798,1.3158508430240362e-33,chr11,69294154.0,1877975205.0,11q13.3
RAPGEF3,165.80185251181533,1.338582336417218e-33,chr12,47734362.0,1991502035.0,12q13.11
ARF3,165.78247581690604,1.3487974933029827e-33,chr12,48935722.0,1992703395.0,12q13.12
HMG4L,165.7563059170137,1.3627182300398638e-33,chr20,34833574.0,2747862478.0,20q11.22
TGFBR3,165.74988020063643,1.3661582954068072e-33,chr1,91680342.0,91680342.0,1p22.1
SDHD,165.7184496166707,1.3831109181499701e-33,chr11,112086872.0,1920767923.0,11q23.1
MMP9,165.68286494465218,1.402559058400367e-33,chr20,46008907.0,2759037811.0,20q13.12
SEMA3A,165.63785990398898,1.427549231454047e-33,chr7,83955776.0,1315960079.0,7q21.11
DFNB59,165.1575170033194,1.7237819830873e-33,chr2,178451377.0,427407799.0,2q31.2
HIST1H2AI,165.03902058077747,1.8058947743926284e-33,chr6,27808172.0,1089006496.0,6p22.1
RABEP2,165.01293048035433,1.8244949485854954e-33,chr16,28904420.0,2429346637.0,16p11.2
SC65,165.00667329212413,1.8289843355331485e-33,chr17,41801952.0,2532582514.0,17q21.2
LRIG3,165.00421076319807,1.8307541809462616e-33,chr12,58872154.0,2002639827.0,12q14.1
PFDN5,164.9171501111368,1.8944424249438843e-33,chr12,53295450.0,1997063123.0,12q13.13
MND1,164.8932542292179,1.912308852118385e-33,chr4,153344648.0,842790158.0,4q31.3
PRSS8,164.38556160192073,2.334541150201796e-33,chr16,31131432.0,2431573649.0,16p11.2
ZMYND19,163.99248738985838,2.7247417631501534e-33,chr9,137582080.0,1674070992.0,9q34.3
FBLN5,163.97063049074544,2.748266391380148e-33,chr14,91869410.0,2283276720.0,14q32.12
FLJ44635,163.95433611164427,2.7659365803235973e-33,chrX,72144183.0,2947145705.0,Xq13.1
FHL5,163.8131263148713,2.9239244238858816e-33,chr6,96562524.0,1157760848.0,6q16.1
HIST1H2BB,163.70462337425207,3.0514458911735356e-33,chr6,26043226.0,1087241550.0,6p22.2
PTPRB,163.56703911384497,3.22120365591619e-33,chr12,70515869.0,2014283542.0,12q15
PDE1C,163.51907347710366,3.282587616896666e-33,chr7,31751178.0,1263755481.0,7p14.3
CUGBP1,163.48901754426615,3.321648485024806e-33,chr11,47465936.0,1856146987.0,11p11.2
RUNX1T1,163.02188395067355,3.992327428687868e-33,chr8,91954966.0,1483305242.0,8q21.3
ACAD11,162.78321298713217,4.3858606345031524e-33,chr3,132558137.0,623708088.0,3q22.1
LRRIQ2,162.76225567539126,4.422222238195538e-33,chr3,101724613.0,592874564.0,3q12.3
MOCS1,162.75525575780597,4.4344345900149845e-33,chr6,39904169.0,1101102493.0,6p21.2
SUCLG1,162.70191901888052,4.528606336779537e-33,chr2,84423527.0,333379949.0,2p11.2
MBOAT2,162.66415112529705,4.5965008326344724e-33,chr2,8852689.0,257809111.0,2p25.1
HIST1H4H,162.51037259580434,4.883656337783242e-33,chr6,26285125.0,1087483449.0,6p22.2
BDH2,162.40134718031376,5.098085661661198e-33,chr4,103077591.0,792523101.0,4q24
APEX2,162.27979299073317,5.3483154522641926e-33,chrX,55000362.0,2930001884.0,Xp11.21
FLJ11506,162.16245985118357,5.601541399613127e-33,,,,
TMEM54,162.15708968875288,5.613414874867844e-33,chr1,32894594.0,32894594.0,1p35.1
CYTL1,162.11448541031396,5.708512714627615e-33,chr4,5014585.0,694460095.0,4p16.2
PLAC1,162.0568931761024,5.839640547625333e-33,chrX,134565840.0,3009567362.0,Xq26.3
C9orf140,161.94134387119112,6.1119139264998106e-33,chr9,137062126.0,1673551038.0,9q34.3
C8orf79,161.4434436856417,7.438625550179117e-33,chr8,12945672.0,1404295948.0,8p22
FTO,161.40297681819808,7.558389648110331e-33,chr16,53703962.0,2454146179.0,16q12.2
CDH13,161.21780341711604,8.131589838211662e-33,chr16,82626968.0,2483069185.0,16q23.3
RBP7,161.2154537247776,8.139136805130636e-33,chr1,9997227.0,9997227.0,1p36.22
DRD5,161.1922441033514,8.214062345871402e-33,chr4,9781633.0,699227143.0,4p16.1
PHTF2,161.01774483918487,8.799999277494104e-33,chr7,77798772.0,1309803075.0,7q11.23
SLCO1C1,161.01239307227263,8.818617725904654e-33,chr12,20695331.0,1964463004.0,12p12.2
C4orf20,160.97371373548788,8.954361075420578e-33,chr4,185399537.0,874845047.0,4q35.1
POGK,160.7580758820631,9.750484186846581e-33,chr1,166839474.0,166839474.0,1q24.1
RPL26,160.49299986708255,1.082713710838873e-32,chr17,8377515.0,2499158077.0,17p13.1
BCL2L2,160.47834933993508,1.0890007341152166e-32,chr14,23306832.0,2214714142.0,14q11.2
HELLS,160.4122842835171,1.1178096249122169e-32,chr10,94545766.0,1769429395.0,10q23.33
AVPI1,160.40142866745398,1.1226160444859326e-32,chr10,97677423.0,1772561052.0,10q24.2
ATP6AP1,160.19491745573785,1.2181052842751679e-32,chrX,154428676.0,3029430198.0,Xq28
KLHL10,160.1537059331825,1.2381155362408364e-32,chr17,41835684.0,2532616246.0,17q21.2
NACA2,159.9978773947759,1.3168059966304965e-32,chr17,61590422.0,2552370984.0,17q23.2
CBX4,159.76690303368557,1.4427724740760279e-32,chr17,79833155.0,2570613717.0,17q25.3
TIGD3,159.7619644843673,1.4455939240407184e-32,chr11,65354750.0,1874035801.0,11q13.1
OSTN,159.71504118795113,1.4726795155960886e-32,chr3,191199240.0,682349191.0,3q28
EFNB1,159.67542159598577,1.4959453467462278e-32,chrX,68829020.0,2943830542.0,Xq13.1
GHR,159.44256267530466,1.6403378193830894e-32,chr5,42423438.0,922083503.0,5p13.1
PRR14,159.21718969123341,1.793397656144273e-32,chr16,30650777.0,2431092994.0,16p11.2
TEK,159.15126720765144,1.8408204789496065e-32,chr9,27109140.0,1563598052.0,9p21.2
TIGD5,159.11898742784143,1.8644985936093486e-32,chr8,143597830.0,1534948106.0,8q24.3
SYNGR4,159.0386540393291,1.9247607008541338e-32,chr19,48364366.0,2702775654.0,19q13.33
SDC1,158.93923630552152,2.0020522919187347e-32,chr2,20200796.0,269157218.0,2p24.1
RUVBL2,158.93109145464183,2.0085208223316407e-32,chr19,48993447.0,2703404735.0,19q13.33
PCCA,158.876185545459,2.0526769923689617e-32,chr13,100089014.0,2177131996.0,13q32.3
ADD3,158.75163382287843,2.1564887725219378e-32,chr10,109996372.0,1784880001.0,10q25.1
PVRL2,158.54334638811878,2.3420007372946804e-32,chr19,44846296.0,2699257584.0,19q13.32
CDADC1,158.5330148848788,2.3516085331067328e-32,chr13,49247924.0,2126290906.0,13q14.2
EIF1B,158.51787247764935,2.3657617489509068e-32,chr3,40309706.0,531459657.0,3p22.1
NR3C2,158.48613460366641,2.395704270364145e-32,chr4,148078763.0,837524273.0,4q31.23
DHTKD1,158.40743651784717,2.471601552196196e-32,chr10,12068953.0,1686952582.0,10p14
CHST7,158.3767971525062,2.5017989280526165e-32,chrX,46573764.0,2921575286.0,Xp11.3
GEMIN7,158.36048972713508,2.5180217906622855e-32,chr19,45075626.0,2699486914.0,19q13.32
FBXW7,158.34970732175614,2.528806215875833e-32,chr4,152320543.0,841766053.0,4q31.3
C4BPA,158.3423951948813,2.5361460744718316e-32,chr1,207104232.0,207104232.0,1q32.2
BRCA2,158.3212426451022,2.5574994402431794e-32,chr13,32315507.0,2109358489.0,13q13.1
MAD2L1,158.23087672533853,2.650773918759201e-32,chr4,120055622.0,809501132.0,4q27
CYP11A1,158.0828029515725,2.811051758296072e-32,chr15,74337761.0,2372788789.0,15q24.1
GMIP,158.05759650515532,2.839288638635556e-32,chr19,19629475.0,2674040763.0,19p13.11
HIST1H2BF,158.04985935777506,2.8480129417363937e-32,chr6,26158120.0,1087356444.0,6p22.2
SEMA6D,157.87957724173248,3.046981624038779e-32,chr15,47184088.0,2345635116.0,15q21.1
HIST1H2BM,157.75284839204198,3.204062332203558e-32,chr6,27815021.0,1089013345.0,6p22.1
LCA5,157.726595615869,3.2376053164990253e-32,chr6,79484990.0,1140683314.0,6q14.1
LAMC1,157.69517308964228,3.278217288754971e-32,chr1,183023419.0,183023419.0,1q25.3
EVPL,157.5591411189888,3.4600118528881445e-32,chr17,76006844.0,2566787406.0,17q25.1
TMEM97,157.49715224954673,3.5461771817916274e-32,chr17,28319199.0,2519099761.0,17q11.2
ESPL1,157.49319043754576,3.5517567986463663e-32,chr12,53268298.0,1997035971.0,12q13.13
C16orf33,157.37497428795447,3.7223622226828087e-32,chr16,53827.0,2400496044.0,16p13.3
LETMD1,157.31374821497252,3.813929820180697e-32,chr12,51048219.0,1994815892.0,12q13.12
RAB11FIP4,157.28025545376096,3.864973410927153e-32,chr17,31391674.0,2522172236.0,17q11.2
KIAA1211,157.27115738645463,3.8789570548106334e-32,chr4,56170194.0,745615704.0,4q12
FEZ2,157.1468545780726,4.0751736739672414e-32,chr2,36552260.0,285508682.0,2p22.2
CYB561,157.13318320960323,4.0973535398650577e-32,chr17,63432303.0,2554212865.0,17q23.3
ALG3,157.09869168685498,4.153851009589409e-32,chr3,184242300.0,675392251.0,3q27.1
IFNGR1,156.9706803547442,4.3704561794240815e-32,chr6,137197483.0,1198395807.0,6q23.3
PLEKHK1,156.94815162223676,4.4097331250716595e-32,chr10,62193085.0,1737076714.0,10q21.2
HIST1H2BI,156.92360597991924,4.452929696612633e-32,chr6,26158120.0,1087356444.0,6p22.2
ZDHHC16,156.87098664003693,4.546967916567776e-32,chr10,97446130.0,1772329759.0,10q24.1
M6PRBP1,156.80708343634757,4.663855935389358e-32,chr19,4838340.0,2659249628.0,19p13.3
MAGIX,156.75362301786822,4.7639560022219746e-32,chrX,49162842.0,2924164364.0,Xp11.23
CFHR3,156.60448803389468,5.054742795420235e-32,chr1,196774799.0,196774799.0,1q31.3
RPS27A,156.52129648934365,5.224623459662753e-32,chr2,55231902.0,304188324.0,2p16.1
NRG1,156.50675919464027,5.254891959209314e-32,chr8,31639751.0,1422990027.0,8p12
CXorf39,156.3101962854123,5.681864573670549e-32,chrX,104166452.0,2979167974.0,Xq22.2
RP5-1103G7.6,156.25151517898493,5.815956144514777e-32,,,,
TMED3,156.249575220703,5.820442942611608e-32,chr15,79311061.0,2377762089.0,15q25.1
LRCH2,156.10687740113843,6.160185120875329e-32,chrX,115110619.0,2990112141.0,Xq23
METRN,155.95690378112218,6.538723140127665e-32,chr16,715117.0,2401157334.0,16p13.3
PTN,155.7595769293668,7.072579383191903e-32,chr7,137227345.0,1369231648.0,7q33
LMNB1,155.74923179231996,7.101744364342151e-32,chr5,126776622.0,1006436687.0,5q23.2
ING3,155.74798003346257,7.105281494473917e-32,chr7,120950776.0,1352955079.0,7q31.31
ZNHIT2,155.73338080217465,7.14666573043207e-32,chr11,65116402.0,1873797453.0,11q13.1
DBNDD1,155.61309745564026,7.496968880327697e-32,chr16,90004864.0,2490447081.0,16q24.3
FLJ45803,155.59422066971473,7.553487302879792e-32,,,,
THYN1,155.507527131283,7.818595083977165e-32,chr11,134248281.0,1942929332.0,11q25
LOC401152,155.49801018130503,7.848260753310812e-32,,,,
CMTM5,155.4847585963174,7.889756034157385e-32,chr14,23377045.0,2214784355.0,14q11.2
SKIL,155.47943185452334,7.906497869268065e-32,chr3,170357714.0,661507665.0,3q26.2
GPR124,155.41223530684078,8.120782088164392e-32,chr8,37796882.0,1429147158.0,8p11.23
PALM2-AKAP2,155.36014311019346,8.290902110250673e-32,chr9,109640787.0,1646129699.0,9q31.3
LRRC34,155.29772111323737,8.499473794327625e-32,chr3,169793002.0,660942953.0,3q26.2
TCEAL2,155.21216590062488,8.793921999291501e-32,chrX,102125678.0,2977127200.0,Xq22.1
CFI,155.14284853105673,9.039976625280043e-32,chr4,109730981.0,799176491.0,4q25
IGF1,155.11662405333888,9.134856216159749e-32,chr12,102395873.0,2046163546.0,12q23.2
COPB2,155.10211193374906,9.187789588236982e-32,chr3,139357405.0,630507356.0,3q23
FNDC1,155.08197876378117,9.261736015971569e-32,chr6,159169399.0,1220367723.0,6q25.3
VAV2,155.0663636561832,9.319499194356869e-32,chr9,133761893.0,1670250805.0,9q34.2
BCL6,155.06630986891912,9.319698786899551e-32,chr3,187721376.0,678871327.0,3q27.3
SEPHS2,154.94503379696565,9.780814498810709e-32,chr16,30443630.0,2430885847.0,16p11.2
SPARCL1,154.93729107106134,9.811019692456704e-32,chr4,87473329.0,776918839.0,4q22.1
ARFGAP1,154.86031728071387,1.011644098657035e-31,chr20,63272784.0,2776301688.0,20q13.33
GALE,154.85321227088397,1.0145109215508045e-31,chr1,23795598.0,23795598.0,1p36.11
GPR68,154.58006532157225,1.131131072388456e-31,chr14,91232531.0,2282639841.0,14q32.11
F3,154.5141192781707,1.1612472858607117e-31,chr1,94529172.0,94529172.0,1p21.3
KRT14,154.50878543672206,1.1637180324185995e-31,chr17,41582278.0,2532362840.0,17q21.2
ECGF1,154.49326119296776,1.1709392473219113e-31,chr22,50525752.0,2874708806.0,22q13.33
DRAP1,154.42789486094173,1.2018414613454935e-31,chr11,65919425.0,1874600476.0,11q13.1
MGC14376,154.2960198773005,1.2666996292989245e-31,,,,
EGFLAM,154.26712306558701,1.2813742691419732e-31,chr5,38258558.0,917918623.0,5p13.2
RAB10,154.25762050612252,1.2862371233363225e-31,chr2,26034083.0,274990505.0,2p23.3
KLF6,154.20800870379017,1.3119279024508356e-31,chr10,3775995.0,1678659624.0,10p15.2
HIST1H2BO,153.9241984736783,1.4691134417305263e-31,chr6,27893424.0,1089091748.0,6p22.1
OGN,153.9132301087999,1.4755537474313055e-31,chr9,92383267.0,1628872179.0,9q22.31
CCNA2,153.88631812204272,1.4914759806123606e-31,chr4,121816443.0,811261953.0,4q27
GPR172A,153.8125383476702,1.5360169827187056e-31,chr8,144358551.0,1535708827.0,8q24.3
GSK3A,153.6505251106799,1.6385651523110032e-31,chr19,42230190.0,2696641478.0,19q13.2
IDH2,153.61862211850402,1.6595541832127404e-31,chr15,90083045.0,2388534073.0,15q26.1
CSGlcA-T,153.31301720519474,1.8748001058878563e-31,,,,
TPT1,153.31086238889554,1.8764132648968734e-31,chr13,45333470.0,2122376452.0,13q14.13
TUFT1,153.28542383902078,1.8955629252812538e-31,chr1,151540308.0,151540308.0,1q21.3
NFKBIE,153.0915392187257,2.0481075711236503e-31,chr6,44258165.0,1105456489.0,6p21.1
CXCL12,153.03305078593309,2.0965002444806296e-31,chr10,44370164.0,1719253793.0,10q11.21
FAT2,153.01268503561107,2.113618602899426e-31,chr5,151504091.0,1031164156.0,5q33.1
AK5,152.9050823448672,2.206419522882705e-31,chr1,77282018.0,77282018.0,1p31.1
TRPC1,152.78894249146532,2.3111774421415308e-31,chr3,142724033.0,633873984.0,3q23
PKP3,152.74270815582014,2.3542568151538486e-31,chr11,392595.0,1809073646.0,11p15.5
CANT1,152.73440838142258,2.3620751046879594e-31,chr17,78991715.0,2569772277.0,17q25.3
ACOT7,152.6602595754427,2.4330888271222954e-31,chr1,6264271.0,6264271.0,1p36.31
PPP1R11,152.65546369069958,2.437755024188173e-31,chr6,30067197.0,1091265521.0,6p22.1
RPL13,152.61888110460387,2.473645131839249e-31,chr16,89560656.0,2490002873.0,16q24.3
PRDM16,152.58121507514983,2.5111523079098897e-31,chr1,3069202.0,3069202.0,1p36.32
PDZD11,152.57320043545926,2.519206493014581e-31,chrX,70286595.0,2945288117.0,Xq13.1
COL17A1,152.53454227665992,2.558420975079516e-31,chr10,104031285.0,1778914914.0,10q25.1
N4BP3,152.48558587196217,2.6089622198571717e-31,chr5,178113531.0,1057773596.0,5q35.3
SLC27A6,152.48354809641592,2.6110875479261955e-31,chr5,128965126.0,1008625191.0,5q23.3
SAMD4B,152.29579696072372,2.8145489113409735e-31,chr19,39342420.0,2693753708.0,19q13.2
NACA,152.29105127640855,2.8198928343424784e-31,chr12,56712426.0,2000480099.0,12q13.3
STX6,152.27558095415412,2.8373841353808115e-31,chr1,180972712.0,180972712.0,1q25.3
DHRS3,152.21636009034017,2.9053534215310756e-31,chr1,12567909.0,12567909.0,1p36.21
PLD5,152.13483857291632,3.0015986278039883e-31,chr1,242082985.0,242082985.0,1q43
CEP68,152.10250661141407,3.0406504141599737e-31,chr2,65056415.0,314012837.0,2p14
PIP5K1A,152.0280789486889,3.132495826286044e-31,chr1,151198551.0,151198551.0,1q21.3
MTL5,151.93769140193146,3.2477879786429978e-31,chr11,68707439.0,1877388490.0,11q13.3
PPM1G,151.63741727631285,3.662258738708213e-31,chr2,27381198.0,276337620.0,2p23.3
NCLN,151.6337192583854,3.667680969119038e-31,chr19,3185929.0,2657597217.0,19p13.3
ABCG2,151.4385362250488,3.965602316289884e-31,chr4,88090263.0,777535773.0,4q22.1
CLEC5A,151.2059643975952,4.352472127582481e-31,chr7,141927356.0,1373931659.0,7q34
GULP1,151.00175651730208,4.723275581376402e-31,chr2,188291873.0,437248295.0,2q32.1
COPG,150.94435667300965,4.833098936236465e-31,chr3,129249605.0,620399556.0,3q21.3
RASL10A,150.85509609418602,5.008994685777741e-31,chr22,29312932.0,2853495986.0,22q12.2
UBN1,150.84867432327786,5.021894319917222e-31,chr16,4847480.0,2405289697.0,16p13.3
NAT14,150.80450716431875,5.111522125502028e-31,chr19,55485187.0,2709896475.0,19q13.42
SLC12A8,150.75525458108137,5.21336420532104e-31,chr3,125082643.0,616232594.0,3q21.2
ANGPTL2,150.61656414158224,5.511215251678456e-31,chr9,127087347.0,1663576259.0,9q33.3
ZNF672,150.51279861610024,5.745178347630235e-31,chr1,248838223.0,248838223.0,1q44
SF3B4,150.47077414720752,5.842744534584224e-31,chr1,149923316.0,149923316.0,1q21.2
TDRKH,150.396892998396,6.018319457491291e-31,chr1,151771567.0,151771567.0,1q21.3
GRAMD1A,150.33233559761268,6.176066292467071e-31,chr19,34994726.0,2689406014.0,19q13.11
CDS1,150.29029016177162,6.281029389609146e-31,chr4,84583126.0,774028636.0,4q21.23
IL4I1,150.23864988680302,6.412398005350859e-31,chr19,49889655.0,2704300943.0,19q13.33
HIST2H2AA3,150.08565489492653,6.818015124635463e-31,chr1,149842217.0,149842217.0,1q21.2
CCNG1,150.02087777806298,6.997418073299477e-31,chr5,163437570.0,1043097635.0,5q34
NUDT16L1,149.98932652138387,7.0865086423803745e-31,chr16,4693692.0,2405135909.0,16p13.3
C1orf112,149.98082912210776,7.110696518062722e-31,chr1,169794729.0,169794729.0,1q24.2
KCNMB1,149.97049836815083,7.14021465956418e-31,chr5,170374670.0,1050034735.0,5q35.1
SHKBP1,149.90026315702542,7.3441845709065405e-31,chr19,40576872.0,2694988160.0,19q13.2
H3F3A,149.8768307871084,7.413527138066042e-31,chr1,226061830.0,226061830.0,1q42.12
AIM1L,149.77074277491917,7.735783019517835e-31,chr1,26321858.0,26321858.0,1p36.11
SOCS7,149.76898491054902,7.741239501296952e-31,chr17,38351843.0,2529132405.0,17q12
MRPL14,149.71430692052016,7.912904415910926e-31,chr6,44113450.0,1105311774.0,6p21.1
ZBTB4,149.67300702760392,8.04509596711416e-31,chr17,7459377.0,2498239939.0,17p13.1
UTRN,149.638169205326,8.158325579723465e-31,chr6,144291736.0,1205490060.0,6q24.2
SRXN1,149.4318412249681,8.862488449475003e-31,chr20,646623.0,2713675527.0,20p13
FAM126A,149.41826890030973,8.910891487346207e-31,chr7,22934230.0,1254938533.0,7p15.3
HOOK1,149.1299345091324,1.0004250634930095e-30,chr1,59814948.0,59814948.0,1p32.1
UCK2,149.0049073177903,1.0519280245129754e-30,chr1,165827613.0,165827613.0,1q24.1
RAB40C,148.88629045853278,1.10324818621821e-30,chr16,589356.0,2401031573.0,16p13.3
GREM2,148.77145754971704,1.1553239038180762e-30,chr1,240489572.0,240489572.0,1q43
CRYZL1,148.72849692589455,1.1754341277467765e-30,chr21,33589340.0,2811062411.0,21q22.11
CKAP4,148.67418777284288,1.201360211262121e-30,chr12,106237880.0,2050005553.0,12q23.3
FKBP4,148.5650491328892,1.2552091604550226e-30,chr12,2794969.0,1946562642.0,12p13.33
TMEM41A,148.53164359538974,1.27217069239325e-30,chr3,185489600.0,676639551.0,3q27.2
TRAF2,148.50545796355016,1.2856270025517056e-30,chr9,136886515.0,1673375427.0,9q34.3
RAB26,148.28568720784634,1.4043434296436712e-30,chr16,2148143.0,2402590360.0,16p13.3
DNA2L,148.09584966686646,1.5157120413317311e-30,chr10,68414063.0,1743297692.0,10q21.3
GPR144,148.08272911263495,1.5237289512845098e-30,,,,
THRAP3,147.7525893198524,1.7400762530336584e-30,chr1,36224442.0,36224442.0,1p34.3
C20orf103,147.6292312606678,1.8286064031652715e-30,chr20,9514357.0,2722543261.0,20p12.2
KLHL4,147.5133313753854,1.9158988237935874e-30,chrX,87517801.0,2962519323.0,Xq21.31
GTF3C4,147.3840184766235,2.018238952597699e-30,chr9,132670034.0,1669158946.0,9q34.13
TMEM9,147.36093569396792,2.037075817001408e-30,chr1,201134770.0,201134770.0,1q32.1
KLHL21,147.34890847009953,2.0469605252266038e-30,chr1,6590723.0,6590723.0,1p36.31
FGF14,147.23688956156636,2.1413679258866562e-30,chr13,101710803.0,2178753785.0,13q33.1
CARD6,147.21822273498253,2.157519390401835e-30,chr5,40841366.0,920501431.0,5p13.1
LCAT,146.9207522115818,2.4320434104423995e-30,chr16,67939749.0,2468381966.0,16q22.1
MTX1,146.90931333826936,2.443272987046611e-30,chr1,155208698.0,155208698.0,1q22
EPRS,146.89246848537198,2.4599044284878663e-30,chr1,219968599.0,219968599.0,1q41
RNPEP,146.85519203052593,2.4971136161246575e-30,chr1,201982647.0,201982647.0,1q32.1
PDGFRA,146.80358890326065,2.5495576115888903e-30,chr4,54229292.0,743674802.0,4q12
PKHD1L1,146.64773475932063,2.7147581117918033e-30,chr8,109362460.0,1500712736.0,8q23.1
NMNAT2,146.57388792668752,2.7967429528554926e-30,chr1,183248236.0,183248236.0,1q25.3
RPL34,146.40368328248255,2.9952933850547033e-30,chr4,108620557.0,798066067.0,4q25
ASPHD2,146.29089014067833,3.134604556142912e-30,chr22,26429259.0,2850612313.0,22q12.1
ATIC,146.25020983552912,3.186428951113204e-30,chr2,215312058.0,464268480.0,2q35
ZDHHC9,146.1524984397634,3.3144481141033344e-30,chrX,129803287.0,3004804809.0,Xq26.1
LPHN3,146.0838666676148,3.4074418500041994e-30,chr4,61201229.0,750646739.0,4q13.1
SNX27,146.07061199972793,3.4257008979020935e-30,chr1,151612049.0,151612049.0,1q21.3
NIPSNAP1,145.87526951585946,3.706468800323445e-30,chr22,29554808.0,2853737862.0,22q12.2
BMP8B,145.83878982727626,3.7614057762232145e-30,chr1,39757181.0,39757181.0,1p34.2
MARK2,145.4641824675046,4.3750798775184084e-30,chr11,63838927.0,1872519978.0,11q13.1
RGS19,145.30421415232075,4.66686191734513e-30,chr20,64073180.0,2777102084.0,20q13.33
TNXB,145.1351944974544,4.996401012994499e-30,chr6,32008419.0,1093206743.0,6p21.33
SLC1A7,145.11516169715622,5.036976026674736e-30,chr1,53087182.0,53087182.0,1p32.3
DNAJA3,145.05802659749824,5.154524702813942e-30,chr16,4425804.0,2404868021.0,16p13.3
LOC541472,144.93839507971182,5.409645912922444e-30,,,,
RECK,144.91373240043745,5.463795840268267e-30,chr9,36036912.0,1572525824.0,9p13.3
SMG7,144.9023508633771,5.488968500564992e-30,chr1,183472498.0,183472498.0,1q25.3
CACNB3,144.85091911754665,5.6041797602050786e-30,chr12,48814479.0,1992582152.0,12q13.12
CLCN7,144.8398898443155,5.6292005045291194e-30,chr16,1444932.0,2401887149.0,16p13.3
DAZAP1,144.83065775602603,5.6502303666621736e-30,chr19,1407585.0,2655818873.0,19p13.3
ZBTB20,144.79942912689992,5.7219524972096295e-30,chr3,114314499.0,605464450.0,3q13.31
GALNTL2,144.64329453774772,6.094482478264675e-30,chr3,16174679.0,507324630.0,3p25.1
BNC1,144.63714558144537,6.109641706834237e-30,chr15,83255884.0,2381706912.0,15q25.2
LARP4,144.5862760445594,6.236512296005143e-30,chr12,50400808.0,1994168481.0,12q13.12
POLR3K,144.43668794749885,6.625117888781752e-30,chr16,46406.0,2400488623.0,16p13.3
CDCA4,144.43339567623093,6.633938592254272e-30,chr14,105009572.0,2296416882.0,14q32.33
LYRM7,144.3491585753762,6.86368065888571e-30,chr5,131170943.0,1010831008.0,5q23.3
SOX7,144.19717076607276,7.298590658276021e-30,chr8,10723767.0,1402074043.0,8p23.1
MSI2,144.1529019190207,7.43039016779739e-30,chr17,57255850.0,2548036412.0,17q22
TM4SF18,143.97536897400676,7.983388920317305e-30,chr3,149318497.0,640468448.0,3q25.1
MST150,143.95238388571184,8.057942321652441e-30,chr5,150777945.0,1030438010.0,5q33.1
ATP6V0C,143.56511787771583,9.424522169845483e-30,chr16,2513725.0,2402955942.0,16p13.3
MT1JP,143.55143522612144,9.476845494351894e-30,chr16,56635738.0,2457077955.0,16q13
ZNF330,143.36260112516757,1.0229454390421393e-29,chr4,141220894.0,830666404.0,4q31.21
C19orf21,143.24033894855694,1.0748440887053826e-29,chr19,751111.0,2655162399.0,19p13.3
LOC440248,143.2160167377646,1.0854794933017597e-29,,,,
SAV1,143.03301037698708,1.1689640762371488e-29,chr14,50633579.0,2242040889.0,14q22.1
PITX1,142.93834810851163,1.214645917660036e-29,chr5,135027733.0,1014687798.0,5q31.1
FAM120A,142.89966092138312,1.233827272466528e-29,chr9,93451684.0,1629940596.0,9q22.31
HIST1H2BL,142.77603885779052,1.2971813286810116e-29,chr6,27807478.0,1089005802.0,6p22.1
RPUSD1,142.5953496604473,1.3957014305678277e-29,chr16,784973.0,2401227190.0,16p13.3
B3GALNT2,142.52167052910906,1.4379988097179565e-29,chr1,235447189.0,235447189.0,1q42.3
NAP1L2,142.48519735098682,1.4594107874724344e-29,chrX,73212300.0,2948213822.0,Xq13.2
C12orf48,142.47400528165338,1.466045147813594e-29,chr12,102120182.0,2045887855.0,12q23.2
PCYT1A,142.465044033074,1.471378948058298e-29,chr3,196234367.0,687384318.0,3q29
C18orf24,142.45431202757663,1.477792347712793e-29,chr18,50375045.0,2624413048.0,18q21.1
CPNE8,142.4198208059998,1.4985947230472068e-29,chr12,38652202.0,1982419875.0,12q12
SLC16A3,142.38405303572222,1.5204774470741438e-29,chr17,82228405.0,2573008967.0,17q25.3
RPL21,142.29424899016345,1.5768433406381175e-29,chr13,27251554.0,2104294536.0,13q12.2
SLC47A2,142.22954303883446,1.6187517196949003e-29,chr17,19678291.0,2510458853.0,17p11.2
XPO5,142.19422488855687,1.6420960612996332e-29,chr6,43522329.0,1104720653.0,6p21.1
NTF5,142.14243647802772,1.6769390866957506e-29,chr19,49061139.0,2703472427.0,19q13.33
FAM122B,142.08746357973794,1.7147367742427474e-29,chrX,134769565.0,3009771087.0,Xq26.3
HUWE1,142.08183228464478,1.7186566342278765e-29,chrX,53532095.0,2928533617.0,Xp11.22
C20orf160,142.0443412546783,1.74498379155709e-29,chr20,32010437.0,2745039341.0,20q11.21
HIST1H2AB,141.9884411878595,1.784991744854174e-29,chr6,26033091.0,1087231415.0,6p22.2
TOMM34,141.97802845026828,1.7925452709963345e-29,chr20,44942129.0,2757971033.0,20q13.12
TRAIP,141.9760384123501,1.793992515400028e-29,chr3,49828613.0,540978564.0,3p21.31
AOX1,141.9725302328758,1.7965466761942855e-29,chr2,200586013.0,449542435.0,2q33.1
C10orf56,141.96740070045638,1.800287847307404e-29,chr10,79382326.0,1754265955.0,10q22.3
LAMB3,141.96312876132723,1.8034095076300665e-29,chr1,209614872.0,209614872.0,1q32.2
PVRL4,141.798943080887,1.9275932213521358e-29,chr1,161070997.0,161070997.0,1q23.3
GPSM2,141.7931036341193,1.932164610194947e-29,chr1,108876984.0,108876984.0,1p13.3
TMEM79,141.69691024245415,2.0090544099052375e-29,chr1,156282912.0,156282912.0,1q22
C19orf52,141.66774767963693,2.0329658506699338e-29,chr19,10928810.0,2665340098.0,19p13.2
RHOU,141.65462129581553,2.043821650104231e-29,chr1,228644646.0,228644646.0,1q42.13
MBNL2,141.65082969063252,2.046968203220768e-29,chr13,97141833.0,2174184815.0,13q32.1
LOC388284,141.6466405464534,2.0504503162356486e-29,,,,
FKBPL,141.62422243730293,2.0691860366068575e-29,chr6,32128706.0,1093327030.0,6p21.32
KDELR1,141.55536817928933,2.12781131190853e-29,chr19,48382575.0,2702793863.0,19q13.33
FBXO6,141.5089866940787,2.1682391344755434e-29,chr1,11664199.0,11664199.0,1p36.22
NGFR,141.4157472519285,2.2518575210359266e-29,chr17,49495292.0,2540275854.0,17q21.33
C20orf151,141.41314170590215,2.2542401203262188e-29,chr20,62410236.0,2775439140.0,20q13.33
PKD2,141.3852359830819,2.2799172412197977e-29,chr4,88007634.0,777453144.0,4q22.1
KRT19,141.37560287577486,2.2888490096769606e-29,chr17,41523616.0,2532304178.0,17q21.2
MRPS31,141.26085856565345,2.3979786298241764e-29,chr13,40729127.0,2117772109.0,13q14.11
MARVELD2,141.25228641794564,2.4063379284092468e-29,chr5,69415115.0,949075180.0,5q13.2
ZBTB9,141.11183181779478,2.5475458545875927e-29,chr6,33454575.0,1094652899.0,6p21.32
MGC11102,141.08865334635396,2.5716353383650253e-29,,,,
IRF7,141.07911606209368,2.5816137361108913e-29,chr11,612554.0,1809293605.0,11p15.5
USHBP1,141.00808167808862,2.6571662650323016e-29,chr19,17249173.0,2671660461.0,19p13.11
SCNM1,140.9667031637505,2.702195310017661e-29,chr1,151166143.0,151166143.0,1q21.3
CRTAP,140.90735870789305,2.76811530785544e-29,chr3,33114013.0,524263964.0,3p22.3
GARS,140.82325710962513,2.8643092485094764e-29,chr7,30594734.0,1262599037.0,7p14.3
TOMM40,140.7241470923552,2.9819848378166404e-29,chr19,44891219.0,2699302507.0,19q13.32
POLE2,140.6655341154724,3.0538479385986966e-29,chr14,49643551.0,2241050861.0,14q21.3
LOC402176,140.577868630268,3.164587938859324e-29,,,,
E2F2,140.46889069024724,3.307885643373059e-29,chr1,23506437.0,23506437.0,1p36.12
PPP1R15A,140.42420798565934,3.3685059424774813e-29,chr19,48872391.0,2703283679.0,19q13.33
TP63,140.39926867450643,3.402824179692818e-29,chr3,189596745.0,680746696.0,3q28
DKFZP564J102,140.21930514423286,3.661091773486422e-29,,,,
NUBP2,140.21019358484696,3.67467897019331e-29,chr16,1782959.0,2402225176.0,16p13.3
GBA,140.16287488440165,3.7460588527213385e-29,chr1,155234451.0,155234451.0,1q22
MTHFD2,140.05737572934882,3.910253331632276e-29,chr2,74198562.0,323154984.0,2p13.1
CSRP1,140.05520016313395,3.913714232076908e-29,chr1,201483529.0,201483529.0,1q32.1
ICAM2,139.87483225222897,4.2116008436237863e-29,chr17,64002594.0,2554783156.0,17q23.3
HIST1H2AD,139.86761683790868,4.2239796874396334e-29,chr6,26198783.0,1087397107.0,6p22.2
EDG4,139.82438994362394,4.2989085903496144e-29,chr19,19623655.0,2674034943.0,19p13.11
PTX3,139.80244186745048,4.3374621717574853e-29,chr3,157436849.0,648586800.0,3q25.32
EFCAB1,139.76480007440563,4.4043926143355716e-29,chr8,48710788.0,1440061064.0,8q11.21
PBX1,139.76022875259108,4.41259108879949e-29,chr1,164559183.0,164559183.0,1q23.3
ODF3L1,139.69495617175966,4.5313391686581916e-29,chr15,75724040.0,2374175068.0,15q24.2
CTNNAL1,139.55317927326777,4.8004345117052696e-29,chr9,108942576.0,1645431488.0,9q31.3
RMI1,139.46798370164737,4.969792340254064e-29,chr9,83980358.0,1620469270.0,9q21.32
RIBC2,139.46400001238246,4.9778565254902064e-29,chr22,45413692.0,2869596746.0,22q13.31
RNF213,139.40524304904332,5.098334913043953e-29,chr17,80260851.0,2571041413.0,17q25.3
LOC152573,139.37949580706112,5.152046376591192e-29,,,,
ZFAND3,139.37247878711744,5.166782837622471e-29,chr6,37819726.0,1099018050.0,6p21.2
ARTS-1,139.34263346268784,5.229935110632637e-29,chr5,96760809.0,976420874.0,5q15
C13orf15,139.24822030027443,5.434858601256167e-29,chr13,41457549.0,2118500531.0,13q14.11
PLIN,139.1654524997821,5.621124214723189e-29,chr15,89664369.0,2388115397.0,15q26.1
KCNMB2,139.16168600507768,5.629751325662314e-29,chr3,178536435.0,669686386.0,3q26.32
MAML2,139.16134953534626,5.630522651739452e-29,chr11,95976599.0,1904657650.0,11q21
POLR2H,139.1477607215442,5.661762552309352e-29,chr3,184361709.0,675511660.0,3q27.1
tcag7.1136,139.06536707211697,5.854940812358209e-29,,,,
PPME1,138.96857735550583,6.090338293498109e-29,chr11,74171288.0,1882852339.0,11q13.4
SLC7A3,138.93108027944234,6.184065016783708e-29,chrX,70925579.0,2945927101.0,Xq13.1
NARFL,138.7902144973275,6.549288304569748e-29,chr16,729764.0,2401171981.0,16p13.3
MICAL2,138.78935886673403,6.551571585120499e-29,chr11,12110575.0,1820791626.0,11p15.3
PNRC1,138.74672825837257,6.666350054022887e-29,chr6,89080750.0,1150279074.0,6q15
TRIM74,138.7169169611703,6.747810749858473e-29,chr7,72959484.0,1304963787.0,7q11.23
TBX18,138.702602511554,6.787279859251081e-29,chr6,84732495.0,1145930819.0,6q14.3
EGFR,138.64958823030761,6.935484286687129e-29,chr7,55019016.0,1287023319.0,7p11.2
KIAA0133,138.61996769568776,7.019699852573926e-29,chr1,229626215.0,229626215.0,1q42.13
C1orf123,138.53485945642853,7.267429374183528e-29,chr1,53214099.0,53214099.0,1p32.3
WDR24,138.47474991572645,7.447662396050238e-29,chr16,684621.0,2401126838.0,16p13.3
ARHGAP24,138.43894540155281,7.557143678974741e-29,chr4,85475149.0,774920659.0,4q21.23
DPM2,138.33551024296742,7.882579934118698e-29,chr9,127935098.0,1664424010.0,9q34.11
SYF2,138.29731217530272,8.006286277461468e-29,chr1,25222275.0,25222275.0,1p36.11
C1orf75,138.27899293044746,8.066303427042103e-29,chr1,212363927.0,212363927.0,1q32.3
H2BFS,138.22854558192586,8.233921913664254e-29,,,,
MEOX1,138.2002101621869,8.329598828916466e-29,chr17,43640389.0,2534420951.0,17q21.31
CTTNBP2,138.18998649015174,8.364393130297355e-29,chr7,117710650.0,1349714953.0,7q31.31
TUBE1,138.13349746021044,8.559288755252376e-29,chr6,112070662.0,1173268986.0,6q21
TROAP,138.0169351862177,8.975970435681211e-29,chr12,49323254.0,1993090927.0,12q13.12
DTYMK,137.95031308475612,9.223208981353668e-29,chr2,241675748.0,490632170.0,2q37.3
KLHL3,137.92993526959063,9.300188556464137e-29,chr5,137617499.0,1017277564.0,5q31.2
NACAP1,137.88359848058803,9.477639700196179e-29,chr8,101368892.0,1492719168.0,8q22.3
CCL21,137.7504756895475,1.0006577684517815e-28,chr9,34709004.0,1571197916.0,9p13.3
NFIB,137.66117369703568,1.0377905865925115e-28,chr9,14081842.0,1550570754.0,9p23
MGLL,137.65382038957887,1.0409091116117812e-28,chr3,127689061.0,618839012.0,3q21.3
CATSPER1,137.6445367237352,1.044859732895642e-28,chr11,66016751.0,1874697802.0,11q13.1
MYH3,137.59704597361718,1.065305801894532e-28,chr17,10628531.0,2501409093.0,17p13.1
TBCB,137.50096022164894,1.1079096217616016e-28,chr19,36114985.0,2690526273.0,19q13.12
ZDHHC24,137.4727551171023,1.1207372143214277e-28,chr11,66520624.0,1875201675.0,11q13.2
NMB,137.46843568716253,1.1227147948904212e-28,chr15,84655131.0,2383106159.0,15q25.2
RNASE4,137.36585663242514,1.1707219847257262e-28,chr14,20684559.0,2212091869.0,14q11.2
APOO,137.3133503984406,1.1960866887645166e-28,chrX,23833360.0,2898834882.0,Xp22.11
CCL23,137.21450894580903,1.2453409073170187e-28,chr17,36013057.0,2526793619.0,17q12
PTGER4,137.0029870435671,1.3576929655169912e-28,chr5,40679914.0,920339979.0,5p13.1
DGAT2,136.98985536573068,1.364994304206862e-28,chr11,75768732.0,1884449783.0,11q13.5
TRIB3,136.93858592749174,1.3938798206846375e-28,chr20,380628.0,2713409532.0,20p13
EMCN,136.85365740789524,1.4430851162788962e-28,chr4,100395340.0,789840850.0,4q24
GMPPA,136.8361474799485,1.4534446500386172e-28,chr2,219498890.0,468455312.0,2q35
ZNF408,136.79397713447227,1.478701564467033e-28,chr11,46701030.0,1855382081.0,11p11.2
EHMT2,136.7854555811625,1.4838585927071896e-28,chr6,31879759.0,1093078083.0,6p21.33
RGMA,136.6679955045438,1.5568092266015772e-28,chr15,93035270.0,2391486298.0,15q26.1
CDT1,136.65223650652104,1.5668666708283283e-28,chr16,88803788.0,2489246005.0,16q24.3
MYOZ2,136.6332312482357,1.5790826614165345e-28,chr4,119135831.0,808581341.0,4q26
GRK5,136.5935907963841,1.6048707651782896e-28,chr10,119207570.0,1794091199.0,10q26.11
PLEKHB2,136.58217511710788,1.612375316411501e-28,chr2,131104846.0,380061268.0,2q21.1
ETV1,136.57920125660823,1.6143360771861273e-28,chr7,13891230.0,1245895533.0,7p21.2
ZNF561,136.5560270012496,1.62969780271112e-28,chr19,9607329.0,2664018617.0,19p13.2
C12orf54,136.522479920362,1.6521957104281274e-28,chr12,48482497.0,1992250170.0,12q13.11
QKI,136.52238144383986,1.6522622091199146e-28,chr6,163414717.0,1224613041.0,6q26
HEL308,136.48642408228815,1.676723723765119e-28,chr4,83407342.0,772852852.0,4q21.23
CYP26B1,136.43683083333073,1.711059054248369e-28,chr2,72129237.0,321085659.0,2p13.2
GPR84,136.26682190169893,1.8342084437628216e-28,chr12,54362444.0,1998130117.0,12q13.13
CCDC8,136.06877780493372,1.9889280012234158e-28,chr19,46410328.0,2700821616.0,19q13.32
JAM3,136.0424903950004,2.0104262986602432e-28,chr11,134068924.0,1942749975.0,11q25
ELA2,135.89080851580138,2.1391089014241994e-28,chr19,852302.0,2655263590.0,19p13.3
ZNF707,135.8720601805354,2.155578048337867e-28,chr8,143684478.0,1535034754.0,8q24.3
PPBP,135.76285428842522,2.2540690407828545e-28,chr4,73986438.0,763431948.0,4q13.3
NLRP1,135.73732000354462,2.2777419882468157e-28,chr17,5501395.0,2496281957.0,17p13.2
JPH2,135.71903230122817,2.2948497812066437e-28,chr20,44106590.0,2757135494.0,20q13.12
REEP4,135.71713171325388,2.2966351249275007e-28,chr8,22138019.0,1413488295.0,8p21.3
RASIP1,135.71440818323384,2.2991959407373703e-28,chr19,48720584.0,2703131872.0,19q13.33
NR2F6,135.7143975567203,2.2992059379916923e-28,chr19,17231884.0,2671643172.0,19p13.11
ART4,135.678842714962,2.3329008044213482e-28,chr12,14825568.0,1958593241.0,12p12.3
HIST1H2BJ,135.66103767234466,2.3499601775607695e-28,chr6,27132315.0,1088330639.0,6p22.1
C14orf122,135.48029702276173,2.53037838931194e-28,chr14,24138964.0,2215546274.0,14q12
CAPZA3,135.42491598069256,2.588395293313835e-28,chr12,18738118.0,1962505791.0,12p12.3
PWWP2,135.41279630587732,2.601268787740216e-28,chr10,132397199.0,1807280828.0,10q26.3
ADAM19,135.37293501451842,2.644064289166465e-28,chr5,157477303.0,1037137368.0,5q33.3
BMPER,135.24673653814423,2.7842678324608757e-28,chr7,33904914.0,1265909217.0,7p14.3
HES6,135.1347823341168,2.9148799778225105e-28,chr2,238238266.0,487194688.0,2q37.3
DTWD1,135.12791964379568,2.9230835275362494e-28,chr15,49621047.0,2348072075.0,15q21.2
VAMP8,135.03967420903672,3.0306584295532276e-28,chr2,85577585.0,334534007.0,2p11.2
YIF1A,135.004154240187,3.0750721455095465e-28,chr11,66284579.0,1874965630.0,11q13.2
KIF3B,134.9447542540571,3.1508094652426752e-28,chr20,32277650.0,2745306554.0,20q11.21
ARPC1B,134.94331743245283,3.1526644738256326e-28,chr7,99374729.0,1331379032.0,7q22.1
EPS15L1,134.82932769266216,3.303378043032205e-28,chr19,16355243.0,2670766531.0,19p13.11
RIC3,134.8166724363156,3.3205501747428063e-28,chr11,8092964.0,1816774015.0,11p15.4
SCRN2,134.81573137597232,3.3218306880650164e-28,chr17,47837691.0,2538618253.0,17q21.32
C15orf15,134.7511828370917,3.410855852869839e-28,chr15,55180805.0,2353631833.0,15q21.3
ISCU,134.7355137405945,3.4328253717564915e-28,chr12,108561462.0,2052329135.0,12q23.3
PUSL1,134.7026232940691,3.4794037950974883e-28,chr1,1308579.0,1308579.0,1p36.33
PSD2,134.6648881322082,3.5336249389136475e-28,chr5,139795807.0,1019455872.0,5q31.2
MAST2,134.5624575343651,3.6851194251458386e-28,chr1,45803606.0,45803606.0,1p34.1
ANGPTL4,134.55998610654217,3.6888540882173555e-28,chr19,8364154.0,2662775442.0,19p13.2
MMRN2,134.41870607437548,3.908784293185503e-28,chr10,86935540.0,1761819169.0,10q23.2
NFATC2IP,134.38130533019145,3.9691775150863653e-28,chr16,28950996.0,2429393213.0,16p11.2
FOXH1,134.2369611909777,4.211170934217172e-28,chr8,144473411.0,1535823687.0,8q24.3
RNF180,134.2105294339531,4.257061902709357e-28,chr5,64165842.0,943825907.0,5q12.3
MEST,134.20012586204945,4.275261982843339e-28,chr7,130486174.0,1362490477.0,7q32.2
HOXA9,134.12886493633843,4.402043248620019e-28,chr7,27162437.0,1259166740.0,7p15.2
PHTF1,134.1010631419406,4.45252285963744e-28,chr1,113696830.0,113696830.0,1p13.2
KIAA0226,134.07215901029323,4.50561999953424e-28,chr3,197668866.0,688818817.0,3q29
OVOL2,134.06038300204028,4.527434380403625e-28,chr20,18024151.0,2731053055.0,20p11.23
ORMDL2,133.9213726203066,4.793095690782273e-28,chr12,55818040.0,1999585713.0,12q13.2
ADHFE1,133.91462485877528,4.806382194356934e-28,chr8,66432503.0,1457782779.0,8q13.1
REV3L,133.86215795455615,4.910959706207279e-28,chr6,111299030.0,1172497354.0,6q21
TIPARP,133.8516354500231,4.932206583007767e-28,chr3,156674589.0,647824540.0,3q25.31
SLC27A4,133.84554459490812,4.944547268808909e-28,chr9,128340526.0,1664829438.0,9q34.11
C1orf183,133.82731106804064,4.981675760568855e-28,chr1,111722063.0,111722063.0,1p13.2
AKAP11,133.7609912876377,5.119096379991783e-28,chr13,42272151.0,2119315133.0,13q14.11
GSTM5,133.74638914010586,5.1498607558479645e-28,chr1,109712250.0,109712250.0,1p13.3
ELF3,133.63864769275423,5.382664054649992e-28,chr1,202010586.0,202010586.0,1q32.1
NSF,133.57223397646712,5.531400162546919e-28,chr17,46590668.0,2537371230.0,17q21.31
ZC3H3,133.53334897102914,5.620391870069005e-28,chr8,143437658.0,1534787934.0,8q24.3
C1orf31,133.33885457777896,6.087547767773171e-28,chr1,234373455.0,234373455.0,1q42.2
CBX8,133.3368179195876,6.0926403551659765e-28,chr17,79792131.0,2570572693.0,17q25.3
CRY2,133.32967974652658,6.110522862976672e-28,chr11,45847117.0,1854528168.0,11p11.2
RNASE7,133.32066258675906,6.133187910022453e-28,chr14,21042361.0,2212449671.0,14q11.2
C21orf45,133.26344369303337,6.278989570560143e-28,chr21,32268228.0,2809741299.0,21q22.11
SERINC1,133.23259267669326,6.3590403582097475e-28,chr6,122443350.0,1183641674.0,6q22.31
RPL3,133.16112425972975,6.548439947732524e-28,chr22,39312881.0,2863495935.0,22q13.1
TMEM16F,133.14581582796882,6.58973958018812e-28,chr12,45216094.0,1988983767.0,12q12
ACSM2B,133.14551455936905,6.590554970582363e-28,chr16,20536230.0,2420978447.0,16p12.3
LOC200810,133.11952417762552,6.661281023290222e-28,,,,
MET,133.11329211090035,6.678352877126351e-28,chr7,116672195.0,1348676498.0,7q31.2
ITM2B,133.1085797573378,6.691290840171113e-28,chr13,48233205.0,2125276187.0,13q14.2
RPL10A,133.06890121171,6.801232309308877e-28,chr6,35468400.0,1096666724.0,6p21.31
DKFZP564O0523,132.9492848156777,7.14375840375922e-28,,,,
BRIP1,132.94433810338495,7.158290418424344e-28,chr17,61679138.0,2552459700.0,17q23.2
UBE2I,132.92947288513417,7.2021389076136754e-28,chr16,1309151.0,2401751368.0,16p13.3
FIBP,132.8740658868443,7.367963037786409e-28,chr11,65883739.0,1874564790.0,11q13.1
TCF15,132.87374019592284,7.368949019494111e-28,chr20,603992.0,2713632896.0,20p13
C9orf100,132.8098941861941,7.564813141410747e-28,chr9,35659342.0,1572148254.0,9p13.3
LOC91461,132.79243644789653,7.61927306597656e-28,,,,
NUP62,132.75548919875828,7.735832077122561e-28,chr19,49906825.0,2704318113.0,19q13.33
CD34,132.7391471211925,7.787956267997311e-28,chr1,207880971.0,207880971.0,1q32.2
STIP1,132.69276249750055,7.9378311690650295e-28,chr11,64185271.0,1872866322.0,11q13.1
ZNF710,132.6346709764958,8.129621848159069e-28,chr15,90001323.0,2388452351.0,15q26.1
LUZP2,132.53878690271588,8.456412323424061e-28,chr11,24497052.0,1833178103.0,11p14.3
HNMT,132.47134527095065,8.694132420006565e-28,chr2,137964472.0,386920894.0,2q22.1
OTUD7B,132.47065028755992,8.696616707097096e-28,chr1,149937811.0,149937811.0,1q21.2
SFPQ,132.26089828024223,9.479907315078945e-28,chr1,35176377.0,35176377.0,1p34.3
SEMA7A,132.0920474032646,1.0161614133733822e-27,chr15,74409283.0,2372860311.0,15q24.1
C17orf62,132.07628163535037,1.0227724305098024e-27,chr17,82442585.0,2573223147.0,17q25.3
PIGQ,132.06201522977832,1.0287919166652142e-27,chr16,569967.0,2401012184.0,16p13.3
BNIP2,132.04298983359485,1.036874740756804e-27,chr15,59659145.0,2358110173.0,15q22.2
SLC39A3,132.00559961076036,1.0529459143927306e-27,chr19,2732524.0,2657143812.0,19p13.3
ZC3H12C,131.98295376033406,1.0628009251734708e-27,chr11,110093391.0,1918774442.0,11q22.3
C6orf60,131.94386070528176,1.0800317385152355e-27,chr6,118959762.0,1180158086.0,6q22.31
NIBP,131.76601470637337,1.1620277654232215e-27,chr8,139727725.0,1531078001.0,8q24.3
ASTN1,131.7615327926733,1.1641729420225821e-27,chr1,176857304.0,176857304.0,1q25.2
PERF15,131.65062608192596,1.218540900744609e-27,chr8,81458252.0,1472808528.0,8q21.13
GFER,131.3942179941046,1.3541933594894018e-27,chr16,1984192.0,2402426409.0,16p13.3
MMP1,131.38277994565422,1.360585903014281e-27,chr11,102789918.0,1911470969.0,11q22.2
C11orf48,131.2459134237959,1.439468905847878e-27,chr11,62662816.0,1871343867.0,11q12.3
EPDR1,131.19854297570163,1.467826892589309e-27,chr7,37920560.0,1269924863.0,7p14.1
TUBA1C,131.18433678849638,1.4764401074072852e-27,chr12,49227925.0,1992995598.0,12q13.12
CCDC123,131.13827986879704,1.5047147498762546e-27,chr19,32875924.0,2687287212.0,19q13.11
SIX4,131.1151396369258,1.5191251375143575e-27,chr14,60709538.0,2252116848.0,14q23.1
PNKP,131.00444278800583,1.5900000805266705e-27,chr19,49861203.0,2704272491.0,19q13.33
CCBE1,130.94458712103878,1.6296960328899824e-27,chr18,59430938.0,2633468941.0,18q21.32
AYTL2,130.84886063044183,1.695258996625085e-27,chr5,1461426.0,881121491.0,5p15.33
PTGIS,130.84273124642732,1.6995460649908977e-27,chr20,49503873.0,2762532777.0,20q13.13
CITED1,130.76017630580375,1.758358757434572e-27,chrX,72301637.0,2947303159.0,Xq13.1
RGS6,130.72946519561796,1.7807550787903558e-27,chr14,71932170.0,2263339480.0,14q24.2
MGRN1,130.72504003055084,1.7840056765139906e-27,chr16,4624823.0,2405067040.0,16p13.3
MYBL2,130.6761287524993,1.8203335699837914e-27,chr20,43667018.0,2756695922.0,20q13.12
RFC2,130.4579974835964,1.9916011272186584e-27,chr7,74231501.0,1306235804.0,7q11.23
COMMD5,130.36320701382013,2.070981702025061e-27,chr8,144850165.0,1536200441.0,8q24.3
GRB2,130.36056265836103,2.0732411177585243e-27,chr17,75318075.0,2566098637.0,17q25.1
ABHD11,130.32831845187118,2.1009913204387105e-27,chr7,73736094.0,1305740397.0,7q11.23
SGCE,130.222725712879,2.194503071240033e-27,chr7,94584979.0,1326589282.0,7q21.3
HNRPDL,130.21788662579283,2.1988872214078684e-27,chr4,82422563.0,771868073.0,4q21.22
C11orf82,130.15772990285464,2.2541278804757633e-27,chr11,82901735.0,1891582786.0,11q14.1
HIST1H2BG,130.05411225139008,2.3525632230185783e-27,chr6,26158120.0,1087356444.0,6p22.2
POP1,129.96390200844843,2.44176820658903e-27,chr8,98117292.0,1489467568.0,8q22.2
CST1,129.95126003034972,2.4545376008357956e-27,chr20,23747561.0,2736776465.0,20p11.21
DCN,129.94903796471692,2.4567889769640188e-27,chr12,91140483.0,2034908156.0,12q21.33
DCTN6,129.83523198582287,2.574910460316948e-27,chr8,30156368.0,1421506644.0,8p12
SLC26A10,129.79344834403673,2.619694780727769e-27,chr12,57619526.0,2001387199.0,12q13.3
FARSA,129.62279000683267,2.81087283739011e-27,chr19,12922478.0,2667333766.0,19p13.13
VSX1,129.61540523553364,2.819454496325737e-27,chr20,25070879.0,2738099783.0,20p11.21
ETV7,129.55376490323292,2.8921185989093077e-27,chr6,36354088.0,1097552412.0,6p21.31
C19orf40,129.5076920574472,2.9476558770168624e-27,chr19,32972241.0,2687383529.0,19q13.11
FOXP2,129.39733249819,3.085077416457754e-27,chr7,114086326.0,1346090629.0,7q31.1
FBXO31,129.31732389249848,3.1887091568162043e-27,chr16,87326986.0,2487769203.0,16q24.2
KCNH8,129.30325935090832,3.207284115722498e-27,chr3,19148509.0,510298460.0,3p24.3
ZNF8,129.24492335084085,3.2854945255454634e-27,chr19,58278954.0,2712690242.0,19q13.43
MAF,129.2273730147738,3.3093964793816464e-27,chr16,79593837.0,2480036054.0,16q23.2
KIAA0427,129.18555960448197,3.3670480308592675e-27,chr18,48539030.0,2622577033.0,18q21.1
MPDZ,129.01569908740638,3.6117997331869806e-27,chr9,13105707.0,1549594619.0,9p23
PRELP,129.0152098503849,3.61252985997428e-27,chr1,203475805.0,203475805.0,1q32.1
TMEM43,128.98945797096457,3.6511712278931616e-27,chr3,14125051.0,505275002.0,3p25.1
ACOT8,128.9696236507361,3.681215683286397e-27,chr20,45841720.0,2758870624.0,20q13.12
AUH,128.96932779107067,3.681665715899687e-27,chr9,91213814.0,1627702726.0,9q22.31
C2orf12,128.94139830934733,3.724398862798214e-27,chr2,160272150.0,409228572.0,2q24.2
SUHW4,128.79102625999457,3.963175766130539e-27,chr15,56630175.0,2355081203.0,15q21.3
SORD,128.77272899593586,3.99325947659992e-27,chr15,45023194.0,2343474222.0,15q21.1
TRPM6,128.70741120470618,4.1025341987044885e-27,chr9,74722494.0,1611211406.0,9q21.13
MYL9,128.69874304857655,4.1172595509675965e-27,chr20,36541518.0,2749570422.0,20q11.23
PACRG,128.56962358310025,4.342991951755085e-27,chr6,162727131.0,1223925455.0,6q26
DAXX,128.5499409388337,4.378476528198543e-27,chr6,33318557.0,1094516881.0,6p21.32
TMEFF2,128.54623925796994,4.385182484281192e-27,chr2,191949045.0,440905467.0,2q32.3
MORN3,128.52672973302145,4.42069657733942e-27,chr12,121648741.0,2065416414.0,12q24.31
NEDD9,128.48998785346606,4.4883650555789705e-27,chr6,11183297.0,1072381621.0,6p24.2
DSCR6,128.44896311078344,4.5651504611798514e-27,chr21,37006149.0,2814479220.0,21q22.13
ARHGDIA,128.42740274380725,4.606031726824693e-27,chr17,81867720.0,2572648282.0,17q25.3
ISG15,128.42008953412713,4.619981804883119e-27,chr1,1013496.0,1013496.0,1p36.33
NAGA,128.3382735827829,4.778967803490704e-27,chr22,42058333.0,2866241387.0,22q13.2
ZNF673,128.27707817152358,4.901462846682969e-27,,,,
ADH1C,128.10229409899546,5.268960404315018e-27,chr4,99336496.0,788782006.0,4q23
SOCS2,128.00866260207042,5.477075431575847e-27,chr12,93569968.0,2037337641.0,12q22
PTCH1,128.00024237096324,5.4961906481468585e-27,chr9,95442979.0,1631931891.0,9q22.32
TACSTD1,127.8477505124165,5.854191158031752e-27,chr2,47369310.0,296325732.0,2p21
P4HB,127.67154666693077,6.297105831364081e-27,chr17,81843165.0,2572623727.0,17q25.3
PLAUR,127.66576422726857,6.312197387531294e-27,chr19,43646094.0,2698057382.0,19q13.31
ANAPC4,127.60480198156013,6.473527863223127e-27,chr4,25377262.0,714822772.0,4p15.2
FGFR1OP,127.5858830760314,6.524431329724513e-27,chr6,166999316.0,1228197640.0,6q27
BACH2,127.52842605177538,6.681501710520751e-27,chr6,89926527.0,1151124851.0,6q15
BAIAP2L1,127.51973827112721,6.705579563360854e-27,chr7,98291649.0,1330295952.0,7q21.3
PRR7,127.51246420755216,6.725806313800448e-27,chr5,177445994.0,1057106059.0,5q35.3
XTP3TPA,127.39134157678265,7.071750140965076e-27,chr16,30423614.0,2430865831.0,16p11.2
CHFR,127.39131905189953,7.07181610830032e-27,chr12,132832355.0,2076600028.0,12q24.33
C3orf55,127.30204290076989,7.338186384828615e-27,,,,
ANTXR2,127.2670901931682,7.445195820253056e-27,chr4,79901145.0,769346655.0,4q21.21
PFKFB4,127.23616300137829,7.54118609203118e-27,chr3,48517683.0,539667634.0,3p21.31
HBQ1,127.20125280797399,7.651031669549029e-27,chr16,180458.0,2400622675.0,16p13.3
WBSCR28,127.06030962494576,8.111084387855053e-27,chr7,73861158.0,1305865461.0,7q11.23
ALS2CR4,127.03921617542517,8.182284290022309e-27,chr2,201620185.0,450576607.0,2q33.1
WSCD2,126.991158319632,8.346852434977075e-27,chr12,108129287.0,2051896960.0,12q23.3
SPG20,126.97569633620121,8.400503164772025e-27,chr13,36301637.0,2113344619.0,13q13.3
ZNF677,126.92909433345261,8.564307513831199e-27,chr19,53235380.0,2707646668.0,19q13.42
C1QTNF7,126.87260602047981,8.76716555138857e-27,chr4,15339987.0,704785497.0,4p15.32
BAK1,126.8686419092482,8.781581026270458e-27,chr6,33572551.0,1094770875.0,6p21.31
ZDHHC12,126.72883038565989,9.305510519576555e-27,chr9,128720872.0,1665209784.0,9q34.11
MAPBPIP,126.64012427671327,9.65407937222201e-27,chr1,156054781.0,156054781.0,1q22
RPL15,126.63140989921915,9.689021383743236e-27,chr3,23916544.0,515066495.0,3p24.2
PTPRJ,126.61180471908685,9.768096866031014e-27,chr11,47980558.0,1856661609.0,11p11.2
LYSMD4,126.55712792623241,9.992068715441298e-27,chr15,99727400.0,2398178428.0,15q26.3
PINK1,126.53391825414312,1.0088693592285043e-26,chr1,20633457.0,20633457.0,1p36.12
C17orf48,126.49092183405938,1.0270177690195937e-26,chr17,10697593.0,2501478155.0,17p13.1
ALKBH6,126.44917625295349,1.044951636194187e-26,chr19,36009119.0,2690420407.0,19q13.12
RBM35B,126.43706573591783,1.0502128738128542e-26,chr16,68229032.0,2468671249.0,16q22.1
MRGPRX3,126.41244827523693,1.0609896542753234e-26,chr11,18120954.0,1826802005.0,11p15.1
KIF17,126.39448138193659,1.068925008888705e-26,chr1,20664013.0,20664013.0,1p36.12
LMO6,126.37217045849812,1.0788619237229677e-26,chrX,49174802.0,2924176324.0,Xp11.23
BMF,126.33236022892179,1.0968235871144978e-26,chr15,40087890.0,2338538918.0,15q15.1
NFKBIL2,126.30680962218938,1.1085093658808177e-26,chr8,144428774.0,1535779050.0,8q24.3
MYCT1,126.18186268797145,1.1674795657833812e-26,chr6,152697894.0,1213896218.0,6q25.2
TLE3,125.97454225441051,1.2723551170113055e-26,chr15,70047790.0,2368498818.0,15q23
JUN,125.83511042588611,1.348156349018399e-26,chr1,58780790.0,58780790.0,1p32.1
MRPL47,125.7637605767679,1.3886816969075194e-26,chr3,179588285.0,670738236.0,3q26.33
KIAA1543,125.73648501843815,1.404494724086475e-26,chr19,7595862.0,2662007150.0,19p13.2
CDYL2,125.68365420151116,1.435639256401472e-26,chr16,80597906.0,2481040123.0,16q23.2
HIBADH,125.62739172115562,1.4695692782090826e-26,chr7,27525441.0,1259529744.0,7p15.2
GPR44,125.62553459474414,1.4707028659118485e-26,chr11,60850932.0,1869531983.0,11q12.2
RAB3D,125.56797513862175,1.506275556382464e-26,chr19,11322068.0,2665733356.0,19p13.2
DONSON,125.45347915084037,1.5796238262794675e-26,chr21,33577552.0,2811050623.0,21q22.11
MTMR1,125.36655212644274,1.6376956482218868e-26,chrX,150692961.0,3025694483.0,Xq28
CXCL11,125.29456511115863,1.6874053026590144e-26,chr4,76033686.0,765479196.0,4q21.1
SAE1,125.29063674309508,1.690161143887771e-26,chr19,47130834.0,2701542122.0,19q13.32
AADACL2,125.27715258533686,1.6996549985953168e-26,chr3,151733926.0,642883877.0,3q25.1
KCTD13,125.25009591626242,1.7188666510215435e-26,chr16,29906339.0,2430348556.0,16p11.2
C14orf149,125.03971146358843,1.8758803853548398e-26,chr14,59472605.0,2250879915.0,14q23.1
PJA2,125.02582610942258,1.8867358655465833e-26,chr5,109334721.0,988994786.0,5q21.3
OTC,125.0102019687623,1.8990261138058953e-26,chrX,38352603.0,2913354125.0,Xp11.4
MSRB3,124.94988225825925,1.947233319441256e-26,chr12,65278682.0,2009046355.0,12q14.3
RASD1,124.88724324365215,1.998594438746469e-26,chr17,17494438.0,2508275000.0,17p11.2
ISCA1,124.86119815126433,2.0203483649808337e-26,chr9,86264547.0,1622753459.0,9q21.33
CDC7,124.81269571759431,2.0614948756144334e-26,chr1,91500846.0,91500846.0,1p22.1
TRIM25,124.75758641522444,2.1092678433127664e-26,chr17,56887908.0,2547668470.0,17q22
ST3GAL3,124.72907349410868,2.1344195479922214e-26,chr1,43707496.0,43707496.0,1p34.1
TEAD4,124.64236349277841,2.212772441980544e-26,chr12,2959396.0,1946727069.0,12p13.33
BARD1,124.60322325601818,2.2490796731226066e-26,chr2,214725645.0,463682067.0,2q35
F11R,124.52089661159538,2.3274106032303698e-26,chr1,160995210.0,160995210.0,1q23.3
ZNF179,124.48465630805275,2.362754317332252e-26,chr17,19411231.0,2510191793.0,17p11.2
ERBB3,124.42461135611384,2.4225032783748776e-26,chr12,56080107.0,1999847780.0,12q13.2
BRMS1,124.32645419249168,2.5234597099053544e-26,chr11,66337338.0,1875018389.0,11q13.2
ACSL4,124.31740229666372,2.5329797642230912e-26,chrX,109641334.0,2984642856.0,Xq23
AKAP6,124.23479464032802,2.62154244066703e-26,chr14,32329297.0,2223736607.0,14q12
TMEM8,124.06640666552774,2.811810571051028e-26,chr16,370788.0,2400813005.0,16p13.3
TNFSF12,123.93290117292463,2.972466716508523e-26,chr17,7549057.0,2498329619.0,17p13.1
DDX49,123.90899813638678,3.0021883923101e-26,chr19,18919714.0,2673331002.0,19p13.11
HIST1H2BE,123.84702643173742,3.080642085233286e-26,chr6,26158120.0,1087356444.0,6p22.2
EIF3EIP,123.72524311629175,3.240860323763452e-26,chr22,37849418.0,2862032472.0,22q13.1
DKK4,123.65232975555077,3.3407603322791657e-26,chr8,42374062.0,1433724338.0,8p11.21
EPM2A,123.63105880517742,3.3704821882506065e-26,chr6,145625304.0,1206823628.0,6q24.3
SEC61A2,123.54424323512795,3.494566633428813e-26,chr10,12129640.0,1687013269.0,10p14
PPIL2,123.39081902806025,3.72517100515711e-26,chr22,21665983.0,2845849037.0,22q11.21
HERC2P2,123.38562448362339,3.733240460178003e-26,chr15,22494836.0,2320945864.0,15q11.2
SDF2L1,123.34154319020877,3.802428370682665e-26,chr22,21642301.0,2845825355.0,22q11.21
IL21R,123.29508479509235,3.876740555572622e-26,chr16,27402173.0,2427844390.0,16p12.1
ZNF696,123.28354931632468,3.895416820920083e-26,chr8,143291416.0,1534641692.0,8q24.3
GAS1,123.21908905395962,4.001454182448884e-26,chr9,86944361.0,1623433273.0,9q21.33
SPINT1,123.12839643541142,4.155567177784827e-26,chr15,40844047.0,2339295075.0,15q15.1
RPL32,123.0650964248028,4.2666486182196154e-26,chr3,12834485.0,503984436.0,3p25.2
GPR177,123.03443994204193,4.3215120667789084e-26,chr1,68098458.0,68098458.0,1p31.3
IMMP2L,123.00438727379742,4.375982070075946e-26,chr7,110662643.0,1342666946.0,7q31.1
TMEM48,122.99043204219768,4.401509446697315e-26,chr1,53765480.0,53765480.0,1p32.3
ALDH1A3,122.92760343667707,4.5183013387382076e-26,chr15,100879830.0,2399330858.0,15q26.3
HIST1H1D,122.84226462886703,4.6819345618280866e-26,chr6,26234211.0,1087432535.0,6p22.2
HMGCLL1,122.84080072722494,4.684792805340517e-26,chr6,55434372.0,1116632696.0,6p12.1
ERMP1,122.8194459176651,4.7266873537175293e-26,chr9,5784571.0,1542273483.0,9p24.1
EEF1A1,122.78417969895949,4.796698514846295e-26,chr6,73515749.0,1134714073.0,6q13
CLIC2,122.77261849173905,4.8198757973946957e-26,chrX,155276210.0,3030277732.0,Xq28
TXNDC17,122.72124179931869,4.9242400698585516e-26,chr17,6641059.0,2497421621.0,17p13.1
KNTC1,122.71368056735628,4.939789886846757e-26,chr12,122527248.0,2066294921.0,12q24.31
MGC21881,122.47685387670658,5.452591808490237e-26,,,,
MGAT3,122.461474577334,5.487683203061917e-26,chr22,39457011.0,2863640065.0,22q13.1
STAT5A,122.44325063526404,5.529558817137414e-26,chr17,42287546.0,2533068108.0,17q21.2
PRSS22,122.38815029182861,5.658131023671876e-26,chr16,2852729.0,2403294946.0,16p13.3
ACAN,122.37569916175192,5.687597844029116e-26,chr15,88803435.0,2387254463.0,15q26.1
HIBCH,122.36056136095847,5.723630446794372e-26,chr2,190203919.0,439160341.0,2q32.2
WDR76,122.34802828617153,5.75363629152364e-26,chr15,43827001.0,2342278029.0,15q15.3
CHST9,122.33442196947514,5.786390364771717e-26,chr18,26906480.0,2600944483.0,18q11.2
UBE2Q1,122.3157285683154,5.831695782081863e-26,chr1,154548576.0,154548576.0,1q21.3
HBP1,122.24543802807092,6.005261396365145e-26,chr7,107168960.0,1339173263.0,7q22.3
BUB3,122.22553204145387,6.055349803308043e-26,chr10,123154243.0,1798037872.0,10q26.13
IGFL2,122.15537754847561,6.235242179401344e-26,chr19,46147781.0,2700559069.0,19q13.32
ADCY4,122.12785338492311,6.307276726542025e-26,chr14,24318358.0,2215725668.0,14q12
SNRPB,122.12378019361824,6.318007540924135e-26,chr20,2461641.0,2715490545.0,20p13
MGC39606,122.09598046037864,6.391736750002878e-26,,,,
MICALL2,122.02602255311587,6.58111923792252e-26,chr7,1434358.0,1233438661.0,7p22.3
EXOSC4,122.01815305099761,6.602772016352733e-26,chr8,144078671.0,1535428947.0,8q24.3
CALU,122.00080589629252,6.65075519854448e-26,chr7,128739358.0,1360743661.0,7q32.1
ALDH2,121.98114572598321,6.705559485931237e-26,chr12,111766932.0,2055534605.0,12q24.12
CDR2,121.73333056479812,7.436499898558483e-26,chr16,22345935.0,2422788152.0,16p12.2
C9orf7,121.66196241403638,7.661468312563929e-26,chr9,133459964.0,1669948876.0,9q34.2
MBIP,121.56916963854655,7.964216927451449e-26,chr14,36298557.0,2227705867.0,14q13.3
NPM2,121.5488216900927,8.032193623468593e-26,chr8,22024133.0,1413374409.0,8p21.3
USP39,121.53709724456267,8.071625740881474e-26,chr2,85602860.0,334559282.0,2p11.2
PAK4,121.51151140816522,8.158352903843005e-26,chr19,39125785.0,2693537073.0,19q13.2
PTGFR,121.45879214567073,8.34001297542706e-26,chr1,78490973.0,78490973.0,1p31.1
MYH7B,121.38869210321106,8.587866965161483e-26,chr20,34955867.0,2747984771.0,20q11.22
CNTN6,121.3378248223822,8.772335285615103e-26,chr3,1093023.0,492242974.0,3p26.3
CLK4,121.3164900319167,8.850883932686099e-26,chr5,178602663.0,1058262728.0,5q35.3
PIK3R3,121.31518266800292,8.855720162951362e-26,chr1,46040139.0,46040139.0,1p34.1
RHPN1,121.2547551714736,9.082173095133522e-26,chr8,143368875.0,1534719151.0,8q24.3
CGN,121.19218054464396,9.322799386605138e-26,chr1,151511386.0,151511386.0,1q21.3
CHST11,120.822757723258,1.0879617858550988e-25,chr12,104456947.0,2048224620.0,12q23.3
CTPS,120.79737635493164,1.0995699802369315e-25,chr1,40979695.0,40979695.0,1p34.2
SH3BP5L,120.69158818450683,1.1493062540271134e-25,chr1,248810445.0,248810445.0,1q44
NOTCH4,120.62923727260359,1.1796716459403582e-25,chr6,32194842.0,1093393166.0,6p21.32
ECHDC1,120.62528625884543,1.1816227263278099e-25,chr6,127288711.0,1188487035.0,6q22.33
SLIT3,120.62199775200006,1.183249118227399e-25,chr5,168661739.0,1048321804.0,5q34
A2M,120.56595694687911,1.2113130513948536e-25,chr12,9067707.0,1952835380.0,12p13.31
ARMET,120.54717386757982,1.220867868431681e-25,chr3,51385290.0,542535241.0,3p21.2
CSNK2A1,120.45074343385774,1.2711253812225176e-25,chr20,472497.0,2713501401.0,20p13
FABP4,120.42233360972348,1.2863241869570624e-25,chr8,81478418.0,1472828694.0,8q21.13
WBSCR19,120.39612375879813,1.3005077351659906e-25,chr7,43997867.0,1276002170.0,7p13
ZCCHC9,120.3643975432887,1.3178866245511755e-25,chr5,81301582.0,960961647.0,5q14.1
CDKN2D,120.25568520602381,1.3792236612533438e-25,chr19,10566459.0,2664977747.0,19p13.2
TMEM87B,120.23426542283244,1.3916427478801213e-25,chr2,112055268.0,361011690.0,2q13
C1orf165,120.21593365328661,1.4023605030448476e-25,chr1,48727518.0,48727518.0,1p33
DARC,120.1080686365124,1.46712333324554e-25,chr1,159204874.0,159204874.0,1q23.2
TMEM55A,120.07883274700664,1.485188095687417e-25,chr8,90993802.0,1482344078.0,8q21.3
C20orf39,120.05008484513438,1.5031689870412412e-25,chr20,24469198.0,2737498102.0,20p11.21
PDE1A,120.02515197138854,1.518940510347309e-25,chr2,182136452.0,431092874.0,2q32.1
C7orf47,119.91245221479016,1.5923275032465344e-25,chr7,100435282.0,1332439585.0,7q22.1
CHAF1B,119.89201664582042,1.6060107921120943e-25,chr21,36385391.0,2813858462.0,21q22.12
UBQLN4,119.7965093519834,1.6715419137788147e-25,chr1,156035298.0,156035298.0,1q22
CENPP,119.69057473200198,1.7473715140983677e-25,chr9,92325467.0,1628814379.0,9q22.31
DSN1,119.68644925893652,1.7503934386299379e-25,chr20,36751790.0,2749780694.0,20q11.23
MID1,119.56021338653177,1.8454413504928155e-25,chrX,10445309.0,2885446831.0,Xp22.2
TSEN34,119.49108494610573,1.899668275419325e-25,chr19,54190267.0,2708601555.0,19q13.42
SLC25A22,119.48196557933092,1.9069402367429324e-25,chr11,790474.0,1809471525.0,11p15.5
POP7,119.44136692804693,1.9396549253993423e-25,chr7,100706120.0,1332710423.0,7q22.1
IKBKE,119.42761453591721,1.9508639344758308e-25,chr1,206470475.0,206470475.0,1q32.1
CYP2U1,119.41694483918177,1.959605127478806e-25,chr4,107931548.0,797377058.0,4q25
EPS8L1,119.34829713118972,2.0167927360528931e-25,chr19,55075868.0,2709487156.0,19q13.42
TMEM71,119.28124404414902,2.0742686444054514e-25,chr8,132705838.0,1524056114.0,8q24.22
KIAA0241,119.27984511348969,2.075485110936575e-25,chr7,32495488.0,1264499791.0,7p14.3
KIAA1239,119.25738711562178,2.095112178708309e-25,chr4,37244742.0,726690252.0,4p14
HSPA4,119.20299035467346,2.143427462427312e-25,chr5,133052012.0,1012712077.0,5q31.1
APOB48R,119.18894795423552,2.156080503812934e-25,chr16,28494642.0,2428936859.0,16p12.1
KLHDC1,119.1428015172593,2.1981915104962467e-25,chr14,49693119.0,2241100429.0,14q21.3
HPRT1,119.09429363225442,2.2433476448732746e-25,chrX,134460164.0,3009461686.0,Xq26.2
HRC,119.00586707272915,2.3280731448433937e-25,chr19,49151198.0,2703562486.0,19q13.33
ELK1,119.00287527726334,2.3309952126555313e-25,chrX,47635519.0,2922637041.0,Xp11.23
POLD1,118.97663023101248,2.3567868639693936e-25,chr19,50384322.0,2704795610.0,19q13.33
TPPP2,118.97026584134441,2.363084331258523e-25,chr14,21030216.0,2212437526.0,14q11.2
CIDEA,118.90982886935606,2.4237338214965e-25,chr18,12254360.0,2586292363.0,18p11.21
BBS2,118.90868676186491,2.4248948596391984e-25,chr16,56470402.0,2456912619.0,16q13
ACADS,118.86669063695292,2.467976904037439e-25,chr12,120725825.0,2064493498.0,12q24.31
CD80,118.81443831557891,2.5226543867726827e-25,chr3,119524292.0,610674243.0,3q13.33
LSG1,118.78360204120658,2.5554905575571814e-25,chr3,194640791.0,685790742.0,3q29
RP11-679B17.1,118.77189031050877,2.568073948117601e-25,,,,
STMN1,118.73652654969861,2.606448309668541e-25,chr1,25884178.0,25884178.0,1p36.11
AXIN1,118.67084044057812,2.6792601877605363e-25,chr16,287439.0,2400729656.0,16p13.3
SEMA6A,118.65736837417528,2.6944441557057833e-25,chr5,116443554.0,996103619.0,5q23.1
DHX9,118.55755526413523,2.8096636617114476e-25,chr1,182839346.0,182839346.0,1q25.3
TUFM,118.5565633176945,2.8108331889257913e-25,chr16,28842410.0,2429284627.0,16p11.2
TRIM62,118.50299686346098,2.8747201662448555e-25,chr1,33145398.0,33145398.0,1p35.1
MXD3,118.45590357878758,2.9320895061516607e-25,chr5,177305498.0,1056965563.0,5q35.3
KRT5,118.29897672333382,3.1316830101482874e-25,chr12,52514574.0,1996282247.0,12q13.13
PDIA4,118.12948569102089,3.3626040070866315e-25,chr7,149003050.0,1381007353.0,7q36.1
SALL4,118.07687775413343,3.437697400862081e-25,chr20,51782330.0,2764811234.0,20q13.2
ANKRD5,118.06223991578314,3.458889375263138e-25,chr20,10034986.0,2723063890.0,20p12.2
SESN1,118.0447701894806,3.4843528966339084e-25,chr6,108984308.0,1170182632.0,6q21
DPT,117.98436229923315,3.5738609894624585e-25,chr1,168695467.0,168695467.0,1q24.2
PPAPDC3,117.98015224862837,3.5801844795365065e-25,chr9,131289722.0,1667778634.0,9q34.13
TANK,117.93011265997222,3.6562092963615647e-25,chr2,161136954.0,410093376.0,2q24.2
RARRES2,117.92851575065666,3.6586619657962404e-25,chr7,150338328.0,1382342631.0,7q36.1
CDH23,117.8821765758106,3.730557298981094e-25,chr10,71396919.0,1746280548.0,10q22.1
IDE,117.8481444922066,3.7842596170706844e-25,chr10,92451683.0,1767335312.0,10q23.33
CD302,117.81758814624871,3.8331379515701772e-25,chr2,159768627.0,408725049.0,2q24.2
HYAL3,117.80867643863259,3.8475122103139284e-25,chr3,50292831.0,541442782.0,3p21.31
NTF3,117.8078539078976,3.8488416460532463e-25,chr12,5432107.0,1949199780.0,12p13.31
HNRNPC,117.74176238646587,3.957184341137354e-25,chr14,21209135.0,2212616445.0,14q11.2
TAGLN,117.70981362410227,4.0106495426724053e-25,chr11,117199293.0,1925880344.0,11q23.3
PANX1,117.69079649984623,4.0428176337830285e-25,chr11,94128840.0,1902809891.0,11q21
ABCD4,117.65657078231565,4.101365307752304e-25,chr14,74285268.0,2265692578.0,14q24.3
DNASE1,117.63183434356064,4.144209333186968e-25,chr16,3652938.0,2404095155.0,16p13.3
C1orf210,117.6205271057094,4.163943003547135e-25,chr1,43281879.0,43281879.0,1p34.2
PRKDC,117.61540032983942,4.172921423481135e-25,chr8,47773112.0,1439123388.0,8q11.21
SP1,117.5731522289302,4.2476532893085535e-25,chr12,53380175.0,1997147848.0,12q13.13
METTL1,117.55757542181333,4.275544439443957e-25,chr12,57768470.0,2001536143.0,12q14.1
DSC1,117.54085034988931,4.305696270157785e-25,chr18,31129250.0,2605167253.0,18q12.1
NCALD,117.471312482668,4.433363794107883e-25,chr8,101686541.0,1493036817.0,8q22.3
SLC19A1,117.44943831339063,4.47430374010251e-25,chr21,45512564.0,2822985635.0,21q22.3
OAS3,117.44509327649627,4.482481017046253e-25,chr12,112938473.0,2056706146.0,12q24.13
PTTG1IP,117.33666602518048,4.691468013666989e-25,chr21,44849584.0,2822322655.0,21q22.3
ZFAND5,117.29519348154506,4.773965023521357e-25,chr9,72351412.0,1608840324.0,9q21.13
LHX6,117.08553431097738,5.213842966570398e-25,chr9,122202576.0,1658691488.0,9q33.2
HIST1H3E,117.00969832750296,5.382781008755004e-25,chr6,26224177.0,1087422501.0,6p22.2
USP53,116.96559980637056,5.48353308439742e-25,chr4,119212626.0,808658136.0,4q26
RP11-298P3.3,116.96248204795113,5.490727459768867e-25,,,,
TMEM18,116.94411988982642,5.5332916025686955e-25,chr2,663877.0,249620299.0,2p25.3
FADS3,116.94249820448132,5.537066603640736e-25,chr11,61873525.0,1870554576.0,11q12.2
KIAA1524,116.92648013696598,5.574493001485111e-25,chr3,108549865.0,599699816.0,3q13.13
DBF4,116.89402383545257,5.651107696478573e-25,chr7,87876492.0,1319880795.0,7q21.12
PIK3C2G,116.8697037835015,5.709208170160456e-25,chr12,18261517.0,1962029190.0,12p12.3
CD3EAP,116.75213811832475,5.998638107231112e-25,chr19,45406643.0,2699817931.0,19q13.32
PTGFRN,116.75029529574293,6.003290191427984e-25,chr1,116909915.0,116909915.0,1p13.1
POU6F1,116.74794247583004,6.00923499287881e-25,chr12,51186935.0,1994954608.0,12q13.13
EPHA2,116.73835116047711,6.033530281153724e-25,chr1,16124336.0,16124336.0,1p36.13
ACBD6,116.7249117521442,6.067738905934351e-25,chr1,180288229.0,180288229.0,1q25.2
CAPN3,116.67285590816402,6.20208884765331e-25,chr15,42359499.0,2340810527.0,15q15.1
KRT18,116.63950286703036,6.2897341488843315e-25,chr12,52948870.0,1996716543.0,12q13.13
FEZ1,116.5838926500903,6.438639730577376e-25,chr11,125442880.0,1934123931.0,11q24.2
SCN2A,116.58091610495403,6.446708936884041e-25,chr2,165239413.0,414195835.0,2q24.3
SCTR,116.57361058113689,6.466556749924583e-25,chr2,119439842.0,368396264.0,2q14.2
TIMM17B,116.57067313721998,6.4745545394084945e-25,chrX,48893446.0,2923894968.0,Xp11.23
PER2,116.53100044716854,6.5835489739331905e-25,chr2,238244043.0,487200465.0,2q37.3
C20orf24,116.414905922594,6.913194666132019e-25,chr20,36605778.0,2749634682.0,20q11.23
CCDC85A,116.33393039828591,7.152880002325063e-25,chr2,56183989.0,305140411.0,2p16.1
GPLD1,116.32394454899882,7.1830097347308095e-25,chr6,24425833.0,1085624157.0,6p22.3
TMEM133,116.29423977446682,7.27339130670659e-25,chr11,100687287.0,1909368338.0,11q22.1
GLE1L,116.22538447232328,7.487308120703982e-25,chr9,128504691.0,1664993603.0,9q34.11
GJA12,116.21092884864952,7.5330140679698345e-25,chr1,228149929.0,228149929.0,1q42.13
NFYA,116.19111595413668,7.596113924626406e-25,chr6,41072973.0,1102271297.0,6p21.1
ERCC4,116.19089067840326,7.596834421377946e-25,chr16,13920153.0,2414362370.0,16p13.12
HYLS1,116.18300967508182,7.6220833561870725e-25,chr11,125883613.0,1934564664.0,11q24.2
AP4M1,116.12891267126037,7.797685799146886e-25,chr7,100101642.0,1332105945.0,7q22.1
FOLR1,116.05331833821961,8.049891965679432e-25,chr11,72189708.0,1880870759.0,11q13.4
MAFF,116.04612660127614,8.074308200293417e-25,chr22,38201931.0,2862384985.0,22q13.1
LAMA3,116.03454707805015,8.113777410502902e-25,chr18,23689452.0,2597727455.0,18q11.2
BTBD12,116.02099321886841,8.160222238420314e-25,chr16,3581182.0,2404023399.0,16p13.3
BOP1,116.00376144929784,8.219655541264202e-25,chr8,144262044.0,1535612320.0,8q24.3
SLC9A9,115.99241325278065,8.259033133985129e-25,chr3,143265221.0,634415172.0,3q24
ANKRD22,115.82159823251203,8.875147909913724e-25,chr10,88819895.0,1763703524.0,10q23.31
BAZ1B,115.8134134476856,8.90580135346717e-25,chr7,73440406.0,1305444709.0,7q11.23
SULF1,115.79363557513375,8.980312216981996e-25,chr8,69466623.0,1460816899.0,8q13.2
PIGM,115.74809416995036,9.15427182479165e-25,chr1,160024952.0,160024952.0,1q23.2
FLJ40504,115.74517051099255,9.16555448293457e-25,,,,
DIXDC1,115.6402244385899,9.579926487224476e-25,chr11,111927143.0,1920608194.0,11q23.1
ASNA1,115.62542102920688,9.639870571743e-25,chr19,12737105.0,2667148393.0,19p13.13
IGFBP1,115.62362877909639,9.647153506008177e-25,chr7,45888487.0,1277892790.0,7p12.3
TTYH3,115.58742225822014,9.795469544355061e-25,chr7,2631985.0,1234636288.0,7p22.3
TYRO3,115.55397535702255,9.934513746428833e-25,chr15,41559211.0,2340010239.0,15q15.1
CCDC78,115.4596551886726,1.0337379723842932e-24,chr16,722581.0,2401164798.0,16p13.3
COPE,115.42605187074578,1.048483564158114e-24,chr19,18899513.0,2673310801.0,19p13.11
PPL,115.39746357166814,1.0611945665890595e-24,chr16,4882506.0,2405324723.0,16p13.3
LAMA4,115.37312006626041,1.0721400764387502e-24,chr6,112107930.0,1173306254.0,6q21
CLYBL,115.36925843229643,1.0738867550812661e-24,chr13,99606663.0,2176649645.0,13q32.3
RAE1,115.31827884121785,1.097215129505557e-24,chr20,57351254.0,2770380158.0,20q13.31
GLDN,115.30052779184122,1.1054568668222393e-24,chr15,51341654.0,2349792682.0,15q21.2
CHD4,115.25237042545498,1.1281303919207417e-24,chr12,6570081.0,1950337754.0,12p13.31
LOC728131,115.22049735205749,1.1433930050457374e-24,,,,
C10orf33,115.20083019616173,1.152913948986865e-24,chr10,98383567.0,1773267196.0,10q24.2
PPP1CA,115.11468963986754,1.1955612178874632e-24,chr11,67398182.0,1876079233.0,11q13.2
SEMA5A,114.95289829334438,1.2799887930292088e-24,chr5,9035032.0,888695097.0,5p15.31
DTX3L,114.93312459109053,1.2907094473207422e-24,chr3,122564337.0,613714288.0,3q21.1
IPO4,114.925124577426,1.2950723540232456e-24,chr14,24180218.0,2215587528.0,14q12
ACAA2,114.88300998818212,1.3182852860148094e-24,chr18,49782163.0,2623820166.0,18q21.1
GYS2,114.87314872430527,1.3237807263506805e-24,chr12,21536106.0,1965303779.0,12p12.1
HIST1H3B,114.74850812397518,1.3952541869868705e-24,chr6,26031588.0,1087229912.0,6p22.2
ACTA2,114.73581538526467,1.4027465234366156e-24,chr10,88935073.0,1763818702.0,10q23.31
ST14,114.7155587668408,1.4147874335021744e-24,chr11,130159781.0,1938840832.0,11q24.3
HLCS,114.69975490356515,1.4242535288664843e-24,chr21,36748624.0,2814221695.0,21q22.13
PAICS,114.68373091639691,1.4339163707931177e-24,chr4,56435748.0,745881258.0,4q12
GSK3B,114.67466833417299,1.4394104194458752e-24,chr3,119821320.0,610971271.0,3q13.33
CNOT3,114.61654675303903,1.4751514274213266e-24,chr19,54137761.0,2708549049.0,19q13.42
UACA,114.57261547439036,1.5027561663949655e-24,chr15,70654553.0,2369105581.0,15q23
SERINC2,114.56322114776425,1.5087261584576437e-24,chr1,31409776.0,31409776.0,1p35.2
NUP50,114.53907546636923,1.5241799095385873e-24,chr22,45163924.0,2869346978.0,22q13.31
TMEM125,114.4752898371074,1.56577252424329e-24,chr1,43269982.0,43269982.0,1p34.2
LRFN2,114.30763083019659,1.6806112958000773e-24,chr6,40391590.0,1101589914.0,6p21.2
ABCB8,114.23719563873411,1.7313432217493076e-24,chr7,151028421.0,1383032724.0,7q36.1
RAI1,114.22180644154211,1.7426305016144964e-24,chr17,17681457.0,2508462019.0,17p11.2
C17orf70,114.20255685083038,1.7568532221593747e-24,chr17,81539890.0,2572320452.0,17q25.3
NCAPD2,114.19269847206078,1.7641822154447062e-24,chr12,6494101.0,1950261774.0,12p13.31
CTSG,114.10114380430217,1.8337292957184293e-24,chr14,24573517.0,2215980827.0,14q12
TMIE,114.09505592608942,1.8384501805035285e-24,chr3,46693777.0,537843728.0,3p21.31
TSSC1,114.04197280523029,1.8801341356986462e-24,chr2,3188924.0,252145346.0,2p25.3
UBQLN1,114.02469701180766,1.8939036376935e-24,chr9,83659967.0,1620148879.0,9q21.32
FAM71A,113.944552489476,1.9591177205917288e-24,chr1,212624473.0,212624473.0,1q32.3
NEXN,113.89902775496991,1.9971602445364615e-24,chr1,77888514.0,77888514.0,1p31.1
NAP1L5,113.87581064258619,2.016846069924536e-24,chr4,88695912.0,778141422.0,4q22.1
VPS72,113.85244052785806,2.0368582961348895e-24,chr1,151176305.0,151176305.0,1q21.3
SMAD5OS,113.76789736960009,2.1109330683658683e-24,chr5,136129513.0,1015789578.0,5q31.1
LETM1,113.75416458248922,2.123218118829411e-24,chr4,1811478.0,691256988.0,4p16.3
GPBAR1,113.71992045942463,2.1541656075908835e-24,chr2,218259495.0,467215917.0,2q35
LIMS3,113.71462538965953,2.1589911745922205e-24,chr2,109898687.0,358855109.0,2q13
PGM1,113.63915144508789,2.2289641465908237e-24,chr1,63593410.0,63593410.0,1p31.3
ARRDC1,113.60539339034962,2.2609940623339724e-24,chr9,137605639.0,1674094551.0,9q34.3
C1orf93,113.4170130137956,2.448401673814877e-24,chr1,2586522.0,2586522.0,1p36.32
FNDC4,113.41082200916718,2.4548185170179498e-24,chr2,27491882.0,276448304.0,2p23.3
GOLGA8A,113.39354503867058,2.4728151337174498e-24,chr15,34379068.0,2332830096.0,15q14
TM9SF4,113.36623272998054,2.5015355881302483e-24,chr20,32109713.0,2745138617.0,20q11.21
NLRX1,113.34518711339334,2.5238944188493195e-24,chr11,119168333.0,1927849384.0,11q23.3
NES,113.3443072144579,2.524833577523328e-24,chr1,156668762.0,156668762.0,1q23.1
RPS4X,113.32267476166462,2.548033566176791e-24,chrX,72272042.0,2947273564.0,Xq13.1
DOCK11,113.26953622944156,2.6059349510001527e-24,chrX,118495908.0,2993497430.0,Xq24
GDI1,113.26351479442998,2.6125788310863937e-24,chrX,154437153.0,3029438675.0,Xq28
SLC22A11,113.25117077330604,2.626252064131217e-24,chr11,64555940.0,1873236991.0,11q13.1
SIRT7,113.23439290946335,2.644951793051285e-24,chr17,81911938.0,2572692500.0,17q25.3
FOXO4,113.224592965547,2.65593605546357e-24,chrX,71095850.0,2946097372.0,Xq13.1
CLN6,113.20498443025707,2.6780519033576864e-24,chr15,68206991.0,2366658019.0,15q23
ZNF25,113.19389964772134,2.690635750078005e-24,chr10,37949571.0,1712833200.0,10p11.21
TINAGL1,113.15561734509517,2.7345533332214015e-24,chr1,31576484.0,31576484.0,1p35.2
PIK3R1,113.15407384730334,2.736339048175698e-24,chr5,68215755.0,947875820.0,5q13.1
ADAMTSL4,113.1527164831998,2.7379103870040084e-24,chr1,150549407.0,150549407.0,1q21.2
C15orf5,113.12844427385025,2.766162238582164e-24,chr15,77223907.0,2375674935.0,15q24.3
SMARCA4,113.03063014000591,2.883010314602092e-24,chr19,10961029.0,2665372317.0,19p13.2
RBM27,113.00958643877766,2.908789465108892e-24,chr5,146203604.0,1025863669.0,5q32
XAGE3,112.96846367645327,2.9598357063684974e-24,chrX,52862528.0,2927864050.0,Xp11.22
RPS13,112.87859442139445,3.0745427667281176e-24,chr11,17074387.0,1825755438.0,11p15.1
LOC198437,112.86120491605962,3.0972482230512526e-24,,,,
TENC1,112.84295125334013,3.121263061469713e-24,chr12,53046990.0,1996814663.0,12q13.13
TGDS,112.83202298584253,3.1357298155897632e-24,chr13,94574053.0,2171617035.0,13q32.1
MFSD3,112.80502701502508,3.171755958893841e-24,chr8,144509035.0,1535859311.0,8q24.3
CCDC21,112.71305377802788,3.297641707472221e-24,chr1,26234199.0,26234199.0,1p36.11
ALAS2,112.70014261216507,3.31571038254642e-24,chrX,55009054.0,2930010576.0,Xp11.21
SMARCAL1,112.68920932023688,3.331088769609956e-24,chr2,216412483.0,465368905.0,2q35
ADAMDEC1,112.65297445655064,3.382569034415695e-24,chr8,24384284.0,1415734560.0,8p21.2
ABI3BP,112.64062323987535,3.400298735141601e-24,chr3,100749155.0,591899106.0,3q12.2
C2orf40,112.63752594173528,3.404759395248101e-24,chr2,106065687.0,355022109.0,2q12.2
ZNF502,112.6363589545346,3.4064415870571645e-24,chr3,44712642.0,535862593.0,3p21.31
DLEC1,112.63576607478406,3.407296532421429e-24,chr3,38039204.0,529189155.0,3p22.2
KIAA0355,112.54290114644972,3.5439033551900044e-24,chr19,34254553.0,2688665841.0,19q13.11
NSUN5,112.51610687510544,3.584330688789495e-24,chr7,73302515.0,1305306818.0,7q11.23
SV2B,112.49414419045893,3.6178130321763884e-24,chr15,91099587.0,2389550615.0,15q26.1
STARD8,112.4867572571704,3.629144884520725e-24,chrX,68647668.0,2943649190.0,Xq13.1
ITPR3,112.47218661729343,3.651601363024363e-24,chr6,33621321.0,1094819645.0,6p21.31
CAPN6,112.38761059538332,3.784732800333549e-24,chrX,111245098.0,2986246620.0,Xq23
BOC,112.36941459531494,3.8140059679639914e-24,chr3,113211556.0,604361507.0,3q13.2
MPHOSPH9,112.28920491038647,3.9457773827012214e-24,chr12,123154228.0,2066921901.0,12q24.31
SOX10,112.18130348429304,4.1302784591656726e-24,chr22,37972311.0,2862155365.0,22q13.1
ARHGEF16,112.16197455428699,4.164232047543419e-24,chr1,3454664.0,3454664.0,1p36.32
ECOP,112.0240614809932,4.414761727321937e-24,chr7,55470607.0,1287474910.0,7p11.2
GATAD2B,112.01839349188356,4.4253756425153775e-24,chr1,153804726.0,153804726.0,1q21.3
SPATA22,111.99686287661413,4.465927948616483e-24,chr17,3440010.0,2494220572.0,17p13.2
WDR5,111.98443417621493,4.489506611015039e-24,chr9,134135198.0,1670624110.0,9q34.2
hCG_18290,111.97057276590103,4.515950682124954e-24,,,,
TNFAIP8L1,111.95137782856679,4.552828081620082e-24,chr19,4639515.0,2659050803.0,19p13.3
SPAG1,111.8902510512603,4.672290862607497e-24,chr8,100158037.0,1491508313.0,8q22.2
NACAD,111.88465761549638,4.683378232422369e-24,chr7,45080436.0,1277084739.0,7p13
ZNF576,111.88262930463793,4.687405292553682e-24,chr19,43596391.0,2698007679.0,19q13.31
HABP4,111.78635618601383,4.8825994475492895e-24,chr9,96450168.0,1632939080.0,9q22.32
FAM128A,111.78524908663373,4.884890902229175e-24,chr2,131483959.0,380440381.0,2q21.1
ODF2,111.75036963010902,4.957639058716823e-24,chr9,128455154.0,1664944066.0,9q34.11
C19orf10,111.73390620980287,4.992353589118586e-24,chr19,4657544.0,2659068832.0,19p13.3
ZNF653,111.67119380348196,5.12683733664976e-24,chr19,11483428.0,2665894716.0,19p13.2
NOLC1,111.58689265236228,5.313363751757163e-24,chr10,102152175.0,1777035804.0,10q24.32
MPPED2,111.57722896369059,5.335176345588576e-24,chr11,30384078.0,1839065129.0,11p14.1
VWF,111.57625691884502,5.3373753847409124e-24,chr12,5948878.0,1949716551.0,12p13.31
SHMT2,111.57559242587931,5.338879178362523e-24,chr12,57229710.0,2000997383.0,12q13.3
SNAI2,111.5725159283038,5.345847048866307e-24,chr8,48917597.0,1440267873.0,8q11.21
AP1S1,111.52458763795569,5.4555845721200715e-24,chr7,101154475.0,1333158778.0,7q22.1
ALS2CL,111.46235309830553,5.601458663293393e-24,chr3,46668994.0,537818945.0,3p21.31
MPN2,111.44598658022356,5.64046667672135e-24,chr1,227815684.0,227815684.0,1q42.13
LOC144097,111.4068182443199,5.734931145070255e-24,,,,
C1orf77,111.39065595279638,5.7743718907636396e-24,chr1,153633981.0,153633981.0,1q21.3
ADM,111.31381684052094,5.965637837564248e-24,chr11,10305072.0,1818986123.0,11p15.4
PDXDC1,111.23915622890685,6.1575699615479626e-24,chr16,14974734.0,2415416951.0,16p13.11
SLC35F1,111.16148914883053,6.363810789707436e-24,chr6,117907263.0,1179105587.0,6q22.2
CPAMD8,111.15305931687317,6.386608741730301e-24,chr19,16892950.0,2671304238.0,19p13.11
DIAPH2,111.04905030580474,6.674731774977466e-24,chrX,96684662.0,2971686184.0,Xq21.33
TMPO,110.97894910466044,6.876248399410328e-24,chr12,98515572.0,2042283245.0,12q23.1
ZNF623,110.92445269481021,7.037115867717632e-24,chr8,143636018.0,1534986294.0,8q24.3
TDP1,110.81437881753834,7.373653710907034e-24,chr14,89955926.0,2281363236.0,14q32.11
IFNE1,110.80051716730355,7.41716359179829e-24,chr9,21480839.0,1557969751.0,9p21.3
NOV,110.76946353306373,7.515574296560116e-24,chr8,119416445.0,1510766721.0,8q24.12
CLIC5,110.72858045800213,7.647136100537622e-24,chr6,45898452.0,1107096776.0,6p21.1
TRAF3,110.72561347085909,7.656773340813086e-24,chr14,102777448.0,2294184758.0,14q32.32
CHRNA6,110.68354091158812,7.794750806609697e-24,chr8,42752635.0,1434102911.0,8p11.21
EIF4G1,110.67910963965862,7.809427691055493e-24,chr3,184314494.0,675464445.0,3q27.1
DDX26B,110.59627861550048,8.08893552583477e-24,chrX,135520659.0,3010522181.0,Xq26.3
WSB1,110.52730829014705,8.329317126292232e-24,chr17,27294113.0,2518074675.0,17q11.1
SCAND1,110.52141195198702,8.350197253900568e-24,chr20,35953616.0,2748982520.0,20q11.23
RBPJ,110.50530309313122,8.407510168058497e-24,chr4,26163457.0,715608967.0,4p15.2
BIN1,110.41702589987212,8.728669614034676e-24,chr2,127048022.0,376004444.0,2q14.3
SPATA7,110.41307395699465,8.743331589158729e-24,chr14,88385643.0,2279792953.0,14q31.3
COL4A6,110.35828236340481,8.949177525265343e-24,chrX,108155606.0,2983157128.0,Xq22.3
AMPD1,110.3300206238381,9.057247974300315e-24,chr1,114673098.0,114673098.0,1p13.2
CAMP,110.30061928445458,9.171066424064079e-24,chr3,48223494.0,539373445.0,3p21.31
CLDN14,110.23505477439933,9.430076230554159e-24,chr21,36460620.0,2813933691.0,21q22.13
POLR3GL,110.20518361448227,9.550502951407403e-24,chr1,145964681.0,145964681.0,1q21.1
ALDOAP2,110.13972768937329,9.81981522754822e-24,,,,
OASL,110.13405032826242,9.84353035569027e-24,chr12,121020291.0,2064787964.0,12q24.31
IGF2,110.12349431882818,9.887777168124522e-24,chr11,2129111.0,1810810162.0,11p15.5
GGTA1,110.0243132499761,1.031337934666023e-23,chr9,121444989.0,1657933901.0,9q33.2
SLCO1A2,110.00584269037209,1.0394647097410471e-23,chr12,21264599.0,1965032272.0,12p12.1
USP5,109.9254351150767,1.0755983901290323e-23,chr12,6852149.0,1950619822.0,12p13.31
FAM130A2,109.89048673958398,1.0916940413158921e-23,chr2,165469697.0,414426119.0,2q24.3
RUSC2,109.75781398128284,1.1550289686527664e-23,chr9,35490110.0,1571979022.0,9p13.3
NT5E,109.75532819985173,1.1562501685119976e-23,chr6,85449583.0,1146647907.0,6q14.3
RCAN3,109.7063039733521,1.1806010369955337e-23,chr1,24502343.0,24502343.0,1p36.11
GRIA3,109.69283515146024,1.1873808182693745e-23,chrX,123184242.0,2998185764.0,Xq25
CCL28,109.5909399341594,1.2399537631566901e-23,chr5,43376645.0,923036710.0,5p12
SMARCC1,109.57498019730667,1.248397237765622e-23,chr3,47585269.0,538735220.0,3p21.31
RFXDC1,109.4797403720142,1.2999970219443801e-23,chr6,116877241.0,1178075565.0,6q22.1
CFL1,109.4724101456963,1.3040560551647799e-23,chr11,65854672.0,1874535723.0,11q13.1
C2orf29,109.40967644738232,1.339318514883998e-23,chr2,101252885.0,350209307.0,2q11.2
DTX1,109.3833247005887,1.3544147097011748e-23,chr12,113056729.0,2056824402.0,12q24.13
COL5A2,109.37083834754331,1.3616273103454372e-23,chr2,189031897.0,437988319.0,2q32.2
ALDOA,109.23854255324628,1.440455360220187e-23,chr16,30064278.0,2430506495.0,16p11.2
RAB11FIP2,109.06553422437808,1.5504949442770048e-23,chr10,118004915.0,1792888544.0,10q26.11
UBE2H,109.04530239642001,1.5639021655799376e-23,chr7,129830732.0,1361835035.0,7q32.2
MASTL,109.01198043610579,1.5862380480625248e-23,chr10,27155351.0,1702038980.0,10p12.1
HIST1H4I,108.97445872414019,1.6117725023313233e-23,chr6,27139281.0,1088337605.0,6p22.1
BCLAF1,108.96050262691226,1.6213748719459025e-23,chr6,136256626.0,1197454950.0,6q23.3
RAD51AP1,108.84776187191207,1.7010804375505041e-23,chr12,4538889.0,1948306562.0,12p13.32
PRUNE2,108.8451009840652,1.70300839426766e-23,chr9,76611375.0,1613100287.0,9q21.2
PPP1R16B,108.82914802915344,1.7146132419984782e-23,chr20,38805696.0,2751834600.0,20q11.23
VIM,108.77532179481248,1.7543575186153707e-23,chr10,17228240.0,1692111869.0,10p13
CHRM1,108.75382917751676,1.770484373225928e-23,chr11,62908678.0,1871589729.0,11q12.3
DZIP1L,108.62419552401518,1.8709585664967258e-23,chr3,138061989.0,629211940.0,3q22.3
NOL1,108.61682691858778,1.876838597747941e-23,chr12,6556870.0,1950324543.0,12p13.31
FANCD2,108.43095164614226,2.0314582455124077e-23,chr3,10026436.0,501176387.0,3p25.3
C9orf61,108.37949920917187,2.0764748094675666e-23,,,,
MOV10,108.30796797672981,2.1407269227881345e-23,chr1,112674311.0,112674311.0,1p13.2
NLK,108.21121706981783,2.2308186580938614e-23,chr17,28042676.0,2518823238.0,17q11.2
CLCN5,108.20971513957927,2.2322468013544168e-23,chrX,49922595.0,2924924117.0,Xp11.23
TBL2,108.1892129766301,2.2518337302448385e-23,chr7,73567537.0,1305571840.0,7q11.23
NCDN,108.13069501127318,2.3086933329132342e-23,chr1,35557791.0,35557791.0,1p34.3
VARS2,108.12241957295583,2.316849711393096e-23,chr6,30914207.0,1092112531.0,6p21.33
CALCOCO1,107.90718792800982,2.539449585087831e-23,chr12,53708517.0,1997476190.0,12q13.13
RAD1,107.90111346395618,2.5460342056898907e-23,chr5,34905260.0,914565325.0,5p13.2
HEATR2,107.8894950093758,2.5586761880163387e-23,chr7,726698.0,1232731001.0,7p22.3
EEF1B2,107.75703810956546,2.7073330351814495e-23,chr2,206159593.0,455116015.0,2q33.3
HIP2,107.74631637429376,2.7197387342688765e-23,chr4,39698135.0,729143645.0,4p14
ATAD5,107.69925543360577,2.774869391954318e-23,chr17,30831965.0,2521612527.0,17q11.2
RPS3A,107.6862204212018,2.790336953470911e-23,chr4,151099572.0,840545082.0,4q31.3
ZNF598,107.66566250640969,2.8149073497619966e-23,chr16,1997653.0,2402439870.0,16p13.3
MBNL1,107.65024888233717,2.833471720801653e-23,chr3,152243631.0,643393582.0,3q25.1
SLIT2,107.5973789306182,2.8980875682387076e-23,chr4,20251904.0,709697414.0,4p15.31
BCHE,107.56937956787769,2.9329042880936776e-23,chr3,165772903.0,656922854.0,3q26.1
FZD7,107.522496591854,2.992144937752877e-23,chr2,202034586.0,450991008.0,2q33.1
LOC644285,107.51984557029917,2.9955303764682195e-23,chr5,87318414.0,966978479.0,5q14.3
H2AFZ,107.45328738408575,3.081798710165623e-23,chr4,99948088.0,789393598.0,4q23
SHROOM2,107.43696327569691,3.1033349817842534e-23,chrX,9786428.0,2884787950.0,Xp22.2
S100P,107.33828926284093,3.2367690501884875e-23,chr4,6693877.0,696139387.0,4p16.1
PDK3,107.30849707407117,3.2781767860400304e-23,chrX,24465285.0,2899466807.0,Xp22.11
DCTN5,107.29799903289542,3.292894187011263e-23,chr16,23641465.0,2424083682.0,16p12.2
C5orf13,107.27902709203943,3.319659712090875e-23,chr5,111728801.0,991388866.0,5q22.1
B4GALNT4,107.25114213918499,3.359396477928729e-23,chr11,369498.0,1809050549.0,11p15.5
SAA2,107.18757625490468,3.4517730822026975e-23,chr11,18238235.0,1826919286.0,11p15.1
PAX4,107.10769545483913,3.5714827044158233e-23,chr7,127610291.0,1359614594.0,7q32.1
LYCAT,107.10538209629188,3.575010905371837e-23,chr2,30447245.0,279403667.0,2p23.1
FXYD6,107.09095744430921,3.597089593204301e-23,chr11,117836975.0,1926518026.0,11q23.3
ARID5A,107.05142103259867,3.6583089794655235e-23,chr2,96536751.0,345493173.0,2q11.2
EPB41L2,106.99071295500883,3.754352982724785e-23,chr6,130839347.0,1192037671.0,6q23.1
APOD,106.88742159229365,3.923618391779541e-23,chr3,195568704.0,686718655.0,3q29
